2.000000000000000000e+00,1.000000000000000000e+00,5.301010000000000000e+05,3.850000000000000000e+01,6.600000000000000000e+01,2.800000000000000000e+01,3.000000000000000000e+00,3.000000000000000000e+00,2.834375000000000089e+00,2.000000000000000000e+00,5.000000000000000000e+00,4.000000000000000000e+00,4.000000000000000000e+00,1.738396624472573926e+00,1.608510638297872442e+00,4.962318840579710510e+00,3.000000000000000000e+00,5.000000000000000000e+00,4.500000000000000000e+01,8.400000000000000355e+00,2.045977011494252817e+00,2.948120300751879697e+00,2.000000000000000000e+00,1.130000000000000000e+04,0.000000000000000000e+00,0.000000000000000000e+00,2.000000000000000000e+00
1.000000000000000000e+00,1.000000000000000000e+00,5.348170000000000000e+05,3.920000000000000284e+01,8.800000000000000000e+01,2.000000000000000000e+01,2.356435643564356308e+00,1.961403508771929927e+00,4.000000000000000000e+00,1.000000000000000000e+00,3.000000000000000000e+00,4.000000000000000000e+00,2.000000000000000000e+00,1.738396624472573926e+00,1.608510638297872442e+00,4.962318840579710510e+00,4.000000000000000000e+00,2.000000000000000000e+00,5.000000000000000000e+01,8.500000000000000000e+01,2.000000000000000000e+00,2.000000000000000000e+00,3.000000000000000000e+00,2.208000000000000000e+03,0.000000000000000000e+00,0.000000000000000000e+00,2.000000000000000000e+00
2.000000000000000000e+00,1.000000000000000000e+00,5.303340000000000000e+05,3.829999999999999716e+01,4.000000000000000000e+01,2.400000000000000000e+01,1.000000000000000000e+00,1.000000000000000000e+00,3.000000000000000000e+00,1.000000000000000000e+00,3.000000000000000000e+00,3.000000000000000000e+00,1.000000000000000000e+00,1.738396624472573926e+00,1.608510638297872442e+00,4.962318840579710510e+00,1.000000000000000000e+00,1.000000000000000000e+00,3.300000000000000000e+01,6.700000000000000178e+00,2.045977011494252817e+00,2.948120300751879697e+00,1.000000000000000000e+00,0.000000000000000000e+00,0.000000000000000000e+00,0.000000000000000000e+00,1.000000000000000000e+00
1.000000000000000000e+00,9.000000000000000000e+00,5.290409000000000000e+06,3.910000000000000142e+01,1.640000000000000000e+02,8.400000000000000000e+01,4.000000000000000000e+00,1.000000000000000000e+00,6.000000000000000000e+00,2.000000000000000000e+00,2.000000000000000000e+00,4.000000000000000000e+00,4.000000000000000000e+00,1.000000000000000000e+00,2.000000000000000000e+00,5.000000000000000000e+00,3.000000000000000000e+00,3.715555555555555500e+00,4.800000000000000000e+01,7.200000000000000178e+00,3.000000000000000000e+00,5.299999999999999822e+00,2.000000000000000000e+00,2.208000000000000000e+03,0.000000000000000000e+00,0.000000000000000000e+00,1.000000000000000000e+00
2.000000000000000000e+00,1.000000000000000000e+00,5.302550000000000000e+05,3.729999999999999716e+01,1.040000000000000000e+02,3.500000000000000000e+01,2.356435643564356308e+00,1.961403508771929927e+00,6.000000000000000000e+00,2.000000000000000000e+00,2.908196721311475219e+00,2.908227848101265778e+00,2.224422442244224474e+00,1.738396624472573926e+00,1.608510638297872442e+00,4.962318840579710510e+00,2.779166666666666785e+00,3.715555555555555500e+00,7.400000000000000000e+01,7.400000000000000355e+00,2.045977011494252817e+00,2.948120300751879697e+00,2.000000000000000000e+00,4.300000000000000000e+03,0.000000000000000000e+00,0.000000000000000000e+00,2.000000000000000000e+00
2.000000000000000000e+00,1.000000000000000000e+00,5.283550000000000000e+05,3.813444816053511488e+01,7.075730994152046094e+01,3.052188552188552251e+01,2.000000000000000000e+00,1.000000000000000000e+00,3.000000000000000000e+00,1.000000000000000000e+00,2.000000000000000000e+00,3.000000000000000000e+00,2.000000000000000000e+00,2.000000000000000000e+00,1.000000000000000000e+00,4.962318840579710510e+00,3.000000000000000000e+00,3.000000000000000000e+00,4.565679758308156977e+01,2.477107692307692233e+01,2.045977011494252817e+00,2.948120300751879697e+00,1.000000000000000000e+00,0.000000000000000000e+00,0.000000000000000000e+00,0.000000000000000000e+00,2.000000000000000000e+00
1.000000000000000000e+00,1.000000000000000000e+00,5.268020000000000000e+05,3.789999999999999858e+01,4.800000000000000000e+01,1.600000000000000000e+01,1.000000000000000000e+00,1.000000000000000000e+00,1.000000000000000000e+00,1.000000000000000000e+00,3.000000000000000000e+00,3.000000000000000000e+00,3.000000000000000000e+00,1.000000000000000000e+00,1.000000000000000000e+00,4.962318840579710510e+00,3.000000000000000000e+00,5.000000000000000000e+00,3.700000000000000000e+01,7.000000000000000000e+00,2.045977011494252817e+00,2.948120300751879697e+00,1.000000000000000000e+00,3.124000000000000000e+03,0.000000000000000000e+00,0.000000000000000000e+00,2.000000000000000000e+00
1.000000000000000000e+00,1.000000000000000000e+00,5.296070000000000000e+05,3.813444816053511488e+01,6.000000000000000000e+01,3.052188552188552251e+01,3.000000000000000000e+00,1.961403508771929927e+00,2.834375000000000089e+00,1.000000000000000000e+00,2.908196721311475219e+00,4.000000000000000000e+00,2.000000000000000000e+00,2.000000000000000000e+00,1.000000000000000000e+00,4.962318840579710510e+00,3.000000000000000000e+00,4.000000000000000000e+00,4.400000000000000000e+01,8.300000000000000711e+00,2.045977011494252817e+00,2.948120300751879697e+00,2.000000000000000000e+00,2.208000000000000000e+03,0.000000000000000000e+00,0.000000000000000000e+00,2.000000000000000000e+00
2.000000000000000000e+00,1.000000000000000000e+00,5.300510000000000000e+05,3.813444816053511488e+01,8.000000000000000000e+01,3.600000000000000000e+01,3.000000000000000000e+00,4.000000000000000000e+00,3.000000000000000000e+00,1.000000000000000000e+00,4.000000000000000000e+00,4.000000000000000000e+00,4.000000000000000000e+00,2.000000000000000000e+00,1.000000000000000000e+00,4.962318840579710510e+00,3.000000000000000000e+00,5.000000000000000000e+00,3.800000000000000000e+01,6.200000000000000178e+00,2.045977011494252817e+00,2.948120300751879697e+00,3.000000000000000000e+00,3.205000000000000000e+03,0.000000000000000000e+00,0.000000000000000000e+00,2.000000000000000000e+00
2.000000000000000000e+00,9.000000000000000000e+00,5.299629000000000000e+06,3.829999999999999716e+01,9.000000000000000000e+01,3.052188552188552251e+01,1.000000000000000000e+00,1.961403508771929927e+00,1.000000000000000000e+00,1.000000000000000000e+00,5.000000000000000000e+00,3.000000000000000000e+00,1.000000000000000000e+00,2.000000000000000000e+00,1.000000000000000000e+00,4.962318840579710510e+00,3.000000000000000000e+00,3.715555555555555500e+00,4.000000000000000000e+01,6.200000000000000178e+00,1.000000000000000000e+00,2.200000000000000178e+00,1.000000000000000000e+00,0.000000000000000000e+00,0.000000000000000000e+00,0.000000000000000000e+00,1.000000000000000000e+00
1.000000000000000000e+00,1.000000000000000000e+00,5.285480000000000000e+05,3.810000000000000142e+01,6.600000000000000000e+01,1.200000000000000000e+01,3.000000000000000000e+00,3.000000000000000000e+00,5.000000000000000000e+00,1.000000000000000000e+00,3.000000000000000000e+00,3.000000000000000000e+00,1.000000000000000000e+00,2.000000000000000000e+00,1.000000000000000000e+00,3.000000000000000000e+00,2.000000000000000000e+00,5.000000000000000000e+00,4.400000000000000000e+01,6.000000000000000000e+00,2.000000000000000000e+00,3.600000000000000089e+00,1.000000000000000000e+00,2.124000000000000000e+03,0.000000000000000000e+00,0.000000000000000000e+00,1.000000000000000000e+00
2.000000000000000000e+00,1.000000000000000000e+00,5.279270000000000000e+05,3.910000000000000142e+01,7.200000000000000000e+01,5.200000000000000000e+01,2.000000000000000000e+00,1.961403508771929927e+00,2.000000000000000000e+00,1.000000000000000000e+00,2.000000000000000000e+00,1.000000000000000000e+00,2.000000000000000000e+00,1.000000000000000000e+00,1.000000000000000000e+00,4.962318840579710510e+00,4.000000000000000000e+00,4.000000000000000000e+00,5.000000000000000000e+01,7.799999999999999822e+00,2.045977011494252817e+00,2.948120300751879697e+00,1.000000000000000000e+00,2.111000000000000000e+03,0.000000000000000000e+00,0.000000000000000000e+00,2.000000000000000000e+00
1.000000000000000000e+00,1.000000000000000000e+00,5.280310000000000000e+05,3.720000000000000284e+01,4.200000000000000000e+01,1.200000000000000000e+01,2.000000000000000000e+00,1.000000000000000000e+00,1.000000000000000000e+00,1.000000000000000000e+00,3.000000000000000000e+00,3.000000000000000000e+00,3.000000000000000000e+00,3.000000000000000000e+00,1.000000000000000000e+00,4.962318840579710510e+00,4.000000000000000000e+00,5.000000000000000000e+00,4.565679758308156977e+01,7.000000000000000000e+00,2.045977011494252817e+00,2.948120300751879697e+00,1.000000000000000000e+00,4.124000000000000000e+03,0.000000000000000000e+00,0.000000000000000000e+00,2.000000000000000000e+00
2.000000000000000000e+00,9.000000000000000000e+00,5.291329000000000000e+06,3.800000000000000000e+01,9.200000000000000000e+01,2.800000000000000000e+01,1.000000000000000000e+00,1.000000000000000000e+00,2.000000000000000000e+00,1.000000000000000000e+00,1.000000000000000000e+00,3.000000000000000000e+00,2.000000000000000000e+00,3.000000000000000000e+00,1.608510638297872442e+00,7.200000000000000178e+00,1.000000000000000000e+00,1.000000000000000000e+00,3.700000000000000000e+01,6.099999999999999645e+00,1.000000000000000000e+00,2.948120300751879697e+00,2.000000000000000000e+00,0.000000000000000000e+00,0.000000000000000000e+00,0.000000000000000000e+00,1.000000000000000000e+00
1.000000000000000000e+00,1.000000000000000000e+00,5.349170000000000000e+05,3.820000000000000284e+01,7.600000000000000000e+01,2.800000000000000000e+01,3.000000000000000000e+00,1.000000000000000000e+00,1.000000000000000000e+00,1.000000000000000000e+00,3.000000000000000000e+00,4.000000000000000000e+00,1.000000000000000000e+00,2.000000000000000000e+00,2.000000000000000000e+00,4.962318840579710510e+00,4.000000000000000000e+00,4.000000000000000000e+00,4.600000000000000000e+01,8.100000000000000000e+01,1.000000000000000000e+00,2.000000000000000000e+00,1.000000000000000000e+00,2.112000000000000000e+03,0.000000000000000000e+00,0.000000000000000000e+00,2.000000000000000000e+00
1.000000000000000000e+00,1.000000000000000000e+00,5.302330000000000000e+05,3.760000000000000142e+01,9.600000000000000000e+01,4.800000000000000000e+01,3.000000000000000000e+00,1.000000000000000000e+00,4.000000000000000000e+00,1.000000000000000000e+00,5.000000000000000000e+00,3.000000000000000000e+00,3.000000000000000000e+00,2.000000000000000000e+00,3.000000000000000000e+00,4.500000000000000000e+00,4.000000000000000000e+00,3.715555555555555500e+00,4.500000000000000000e+01,6.799999999999999822e+00,2.045977011494252817e+00,2.948120300751879697e+00,2.000000000000000000e+00,3.207000000000000000e+03,0.000000000000000000e+00,0.000000000000000000e+00,2.000000000000000000e+00
1.000000000000000000e+00,9.000000000000000000e+00,5.301219000000000000e+06,3.813444816053511488e+01,1.280000000000000000e+02,3.600000000000000000e+01,3.000000000000000000e+00,3.000000000000000000e+00,4.000000000000000000e+00,2.000000000000000000e+00,4.000000000000000000e+00,4.000000000000000000e+00,3.000000000000000000e+00,3.000000000000000000e+00,1.608510638297872442e+00,4.962318840579710510e+00,4.000000000000000000e+00,5.000000000000000000e+00,5.300000000000000000e+01,7.799999999999999822e+00,3.000000000000000000e+00,4.700000000000000178e+00,2.000000000000000000e+00,1.400000000000000000e+03,0.000000000000000000e+00,0.000000000000000000e+00,1.000000000000000000e+00
2.000000000000000000e+00,1.000000000000000000e+00,5.266390000000000000e+05,3.750000000000000000e+01,4.800000000000000000e+01,2.400000000000000000e+01,2.356435643564356308e+00,1.961403508771929927e+00,2.834375000000000089e+00,1.303030303030302983e+00,2.908196721311475219e+00,2.908227848101265778e+00,2.224422442244224474e+00,1.738396624472573926e+00,1.608510638297872442e+00,4.962318840579710510e+00,2.779166666666666785e+00,3.715555555555555500e+00,4.565679758308156977e+01,2.477107692307692233e+01,2.045977011494252817e+00,2.948120300751879697e+00,1.000000000000000000e+00,0.000000000000000000e+00,0.000000000000000000e+00,0.000000000000000000e+00,2.000000000000000000e+00
1.000000000000000000e+00,1.000000000000000000e+00,5.290481000000000000e+06,3.760000000000000142e+01,6.400000000000000000e+01,2.100000000000000000e+01,1.000000000000000000e+00,1.000000000000000000e+00,2.000000000000000000e+00,1.000000000000000000e+00,2.000000000000000000e+00,3.000000000000000000e+00,1.000000000000000000e+00,1.000000000000000000e+00,1.000000000000000000e+00,4.962318840579710510e+00,2.000000000000000000e+00,5.000000000000000000e+00,4.000000000000000000e+01,7.000000000000000000e+00,1.000000000000000000e+00,2.948120300751879697e+00,1.000000000000000000e+00,4.205000000000000000e+03,0.000000000000000000e+00,0.000000000000000000e+00,1.000000000000000000e+00
2.000000000000000000e+00,1.000000000000000000e+00,5.321100000000000000e+05,3.939999999999999858e+01,1.100000000000000000e+02,3.500000000000000000e+01,4.000000000000000000e+00,3.000000000000000000e+00,6.000000000000000000e+00,1.303030303030302983e+00,2.908196721311475219e+00,3.000000000000000000e+00,3.000000000000000000e+00,1.738396624472573926e+00,1.608510638297872442e+00,4.962318840579710510e+00,2.779166666666666785e+00,3.715555555555555500e+00,5.500000000000000000e+01,8.699999999999999289e+00,2.045977011494252817e+00,2.948120300751879697e+00,1.000000000000000000e+00,0.000000000000000000e+00,0.000000000000000000e+00,0.000000000000000000e+00,2.000000000000000000e+00
1.000000000000000000e+00,1.000000000000000000e+00,5.301570000000000000e+05,3.989999999999999858e+01,7.200000000000000000e+01,6.000000000000000000e+01,1.000000000000000000e+00,1.000000000000000000e+00,5.000000000000000000e+00,2.000000000000000000e+00,5.000000000000000000e+00,4.000000000000000000e+00,4.000000000000000000e+00,3.000000000000000000e+00,1.000000000000000000e+00,4.962318840579710510e+00,4.000000000000000000e+00,4.000000000000000000e+00,4.600000000000000000e+01,6.099999999999999645e+00,2.000000000000000000e+00,2.948120300751879697e+00,1.000000000000000000e+00,2.111000000000000000e+03,0.000000000000000000e+00,0.000000000000000000e+00,2.000000000000000000e+00
2.000000000000000000e+00,1.000000000000000000e+00,5.293400000000000000e+05,3.839999999999999858e+01,4.800000000000000000e+01,1.600000000000000000e+01,1.000000000000000000e+00,1.961403508771929927e+00,1.000000000000000000e+00,1.000000000000000000e+00,1.000000000000000000e+00,3.000000000000000000e+00,1.000000000000000000e+00,2.000000000000000000e+00,3.000000000000000000e+00,5.500000000000000000e+00,4.000000000000000000e+00,3.000000000000000000e+00,4.900000000000000000e+01,6.799999999999999822e+00,2.045977011494252817e+00,2.948120300751879697e+00,1.000000000000000000e+00,0.000000000000000000e+00,0.000000000000000000e+00,0.000000000000000000e+00,2.000000000000000000e+00
1.000000000000000000e+00,1.000000000000000000e+00,5.216810000000000000e+05,3.860000000000000142e+01,4.200000000000000000e+01,3.400000000000000000e+01,2.000000000000000000e+00,1.000000000000000000e+00,4.000000000000000000e+00,1.303030303030302983e+00,2.000000000000000000e+00,3.000000000000000000e+00,1.000000000000000000e+00,1.738396624472573926e+00,1.608510638297872442e+00,4.962318840579710510e+00,1.000000000000000000e+00,3.715555555555555500e+00,4.800000000000000000e+01,7.200000000000000178e+00,2.045977011494252817e+00,2.948120300751879697e+00,1.000000000000000000e+00,3.111000000000000000e+03,0.000000000000000000e+00,0.000000000000000000e+00,2.000000000000000000e+00
1.000000000000000000e+00,9.000000000000000000e+00,5.349980000000000000e+05,3.829999999999999716e+01,1.300000000000000000e+02,6.000000000000000000e+01,2.356435643564356308e+00,3.000000000000000000e+00,2.834375000000000089e+00,1.000000000000000000e+00,2.000000000000000000e+00,4.000000000000000000e+00,2.224422442244224474e+00,1.738396624472573926e+00,1.608510638297872442e+00,4.962318840579710510e+00,2.779166666666666785e+00,3.715555555555555500e+00,5.000000000000000000e+01,7.000000000000000000e+01,2.045977011494252817e+00,2.948120300751879697e+00,1.000000000000000000e+00,3.111000000000000000e+03,0.000000000000000000e+00,0.000000000000000000e+00,2.000000000000000000e+00
1.000000000000000000e+00,1.000000000000000000e+00,5.336920000000000000e+05,3.810000000000000142e+01,6.000000000000000000e+01,1.200000000000000000e+01,3.000000000000000000e+00,3.000000000000000000e+00,3.000000000000000000e+00,1.000000000000000000e+00,2.908196721311475219e+00,4.000000000000000000e+00,3.000000000000000000e+00,3.000000000000000000e+00,2.000000000000000000e+00,2.000000000000000000e+00,2.779166666666666785e+00,3.715555555555555500e+00,5.100000000000000000e+01,6.500000000000000000e+01,2.045977011494252817e+00,2.948120300751879697e+00,1.000000000000000000e+00,3.111000000000000000e+03,0.000000000000000000e+00,0.000000000000000000e+00,2.000000000000000000e+00
2.000000000000000000e+00,1.000000000000000000e+00,5.295180000000000000e+05,3.779999999999999716e+01,6.000000000000000000e+01,4.200000000000000000e+01,2.356435643564356308e+00,1.961403508771929927e+00,2.834375000000000089e+00,1.000000000000000000e+00,2.908196721311475219e+00,2.908227848101265778e+00,2.224422442244224474e+00,1.738396624472573926e+00,1.608510638297872442e+00,4.962318840579710510e+00,2.779166666666666785e+00,3.715555555555555500e+00,4.565679758308156977e+01,2.477107692307692233e+01,2.045977011494252817e+00,2.948120300751879697e+00,1.000000000000000000e+00,0.000000000000000000e+00,0.000000000000000000e+00,0.000000000000000000e+00,2.000000000000000000e+00
1.000000000000000000e+00,1.000000000000000000e+00,5.305260000000000000e+05,3.829999999999999716e+01,7.200000000000000000e+01,3.000000000000000000e+01,4.000000000000000000e+00,3.000000000000000000e+00,3.000000000000000000e+00,2.000000000000000000e+00,3.000000000000000000e+00,3.000000000000000000e+00,3.000000000000000000e+00,2.000000000000000000e+00,1.000000000000000000e+00,4.962318840579710510e+00,3.000000000000000000e+00,5.000000000000000000e+00,4.300000000000000000e+01,7.000000000000000000e+00,2.000000000000000000e+00,3.899999999999999911e+00,1.000000000000000000e+00,3.111000000000000000e+03,0.000000000000000000e+00,0.000000000000000000e+00,1.000000000000000000e+00
1.000000000000000000e+00,1.000000000000000000e+00,5.286530000000000000e+05,3.779999999999999716e+01,4.800000000000000000e+01,1.200000000000000000e+01,3.000000000000000000e+00,1.000000000000000000e+00,1.000000000000000000e+00,1.000000000000000000e+00,2.908196721311475219e+00,3.000000000000000000e+00,2.000000000000000000e+00,1.000000000000000000e+00,1.000000000000000000e+00,4.962318840579710510e+00,1.000000000000000000e+00,3.000000000000000000e+00,3.700000000000000000e+01,5.500000000000000000e+00,2.000000000000000000e+00,1.300000000000000044e+00,1.000000000000000000e+00,4.122000000000000000e+03,0.000000000000000000e+00,0.000000000000000000e+00,1.000000000000000000e+00
1.000000000000000000e+00,1.000000000000000000e+00,5.279442000000000000e+06,3.813444816053511488e+01,7.075730994152046094e+01,3.052188552188552251e+01,2.356435643564356308e+00,1.961403508771929927e+00,2.834375000000000089e+00,1.303030303030302983e+00,2.908196721311475219e+00,2.908227848101265778e+00,2.224422442244224474e+00,1.738396624472573926e+00,1.608510638297872442e+00,4.962318840579710510e+00,2.779166666666666785e+00,3.715555555555555500e+00,4.565679758308156977e+01,2.477107692307692233e+01,2.045977011494252817e+00,2.948120300751879697e+00,2.000000000000000000e+00,4.300000000000000000e+03,0.000000000000000000e+00,0.000000000000000000e+00,2.000000000000000000e+00
2.000000000000000000e+00,1.000000000000000000e+00,5.354150000000000000e+05,3.770000000000000284e+01,4.800000000000000000e+01,3.052188552188552251e+01,2.000000000000000000e+00,1.000000000000000000e+00,1.000000000000000000e+00,1.000000000000000000e+00,1.000000000000000000e+00,1.000000000000000000e+00,1.000000000000000000e+00,1.000000000000000000e+00,1.000000000000000000e+00,4.962318840579710510e+00,2.779166666666666785e+00,3.715555555555555500e+00,4.500000000000000000e+01,7.600000000000000000e+01,2.045977011494252817e+00,2.948120300751879697e+00,1.000000000000000000e+00,0.000000000000000000e+00,0.000000000000000000e+00,0.000000000000000000e+00,2.000000000000000000e+00
2.000000000000000000e+00,1.000000000000000000e+00,5.294750000000000000e+05,3.770000000000000284e+01,9.600000000000000000e+01,3.000000000000000000e+01,3.000000000000000000e+00,3.000000000000000000e+00,4.000000000000000000e+00,2.000000000000000000e+00,5.000000000000000000e+00,4.000000000000000000e+00,4.000000000000000000e+00,3.000000000000000000e+00,2.000000000000000000e+00,4.000000000000000000e+00,4.000000000000000000e+00,5.000000000000000000e+00,6.600000000000000000e+01,7.500000000000000000e+00,2.045977011494252817e+00,2.948120300751879697e+00,2.000000000000000000e+00,4.205000000000000000e+03,0.000000000000000000e+00,0.000000000000000000e+00,2.000000000000000000e+00
2.000000000000000000e+00,1.000000000000000000e+00,5.302420000000000000e+05,3.720000000000000284e+01,1.080000000000000000e+02,1.200000000000000000e+01,3.000000000000000000e+00,3.000000000000000000e+00,4.000000000000000000e+00,2.000000000000000000e+00,2.000000000000000000e+00,4.000000000000000000e+00,2.000000000000000000e+00,1.738396624472573926e+00,3.000000000000000000e+00,6.000000000000000000e+00,3.000000000000000000e+00,3.000000000000000000e+00,5.200000000000000000e+01,8.199999999999999289e+00,3.000000000000000000e+00,7.400000000000000355e+00,3.000000000000000000e+00,2.207000000000000000e+03,0.000000000000000000e+00,0.000000000000000000e+00,1.000000000000000000e+00
1.000000000000000000e+00,1.000000000000000000e+00,5.294270000000000000e+05,3.720000000000000284e+01,6.000000000000000000e+01,3.052188552188552251e+01,2.000000000000000000e+00,1.000000000000000000e+00,1.000000000000000000e+00,1.000000000000000000e+00,3.000000000000000000e+00,3.000000000000000000e+00,3.000000000000000000e+00,2.000000000000000000e+00,1.000000000000000000e+00,4.962318840579710510e+00,4.000000000000000000e+00,5.000000000000000000e+00,4.300000000000000000e+01,6.599999999999999645e+00,2.045977011494252817e+00,2.948120300751879697e+00,1.000000000000000000e+00,2.209000000000000000e+03,0.000000000000000000e+00,0.000000000000000000e+00,2.000000000000000000e+00
1.000000000000000000e+00,1.000000000000000000e+00,5.296630000000000000e+05,3.820000000000000284e+01,6.400000000000000000e+01,2.800000000000000000e+01,1.000000000000000000e+00,1.000000000000000000e+00,1.000000000000000000e+00,1.000000000000000000e+00,3.000000000000000000e+00,1.000000000000000000e+00,2.224422442244224474e+00,1.738396624472573926e+00,1.608510638297872442e+00,4.962318840579710510e+00,4.000000000000000000e+00,4.000000000000000000e+00,4.900000000000000000e+01,8.599999999999999645e+00,2.000000000000000000e+00,6.599999999999999645e+00,1.000000000000000000e+00,2.208000000000000000e+03,0.000000000000000000e+00,0.000000000000000000e+00,1.000000000000000000e+00
1.000000000000000000e+00,1.000000000000000000e+00,5.297960000000000000e+05,3.813444816053511488e+01,1.000000000000000000e+02,3.000000000000000000e+01,3.000000000000000000e+00,3.000000000000000000e+00,4.000000000000000000e+00,2.000000000000000000e+00,5.000000000000000000e+00,4.000000000000000000e+00,4.000000000000000000e+00,3.000000000000000000e+00,3.000000000000000000e+00,4.962318840579710510e+00,4.000000000000000000e+00,4.000000000000000000e+00,5.200000000000000000e+01,6.599999999999999645e+00,2.045977011494252817e+00,2.948120300751879697e+00,1.000000000000000000e+00,1.124000000000000000e+03,0.000000000000000000e+00,0.000000000000000000e+00,2.000000000000000000e+00
2.000000000000000000e+00,1.000000000000000000e+00,5.288120000000000000e+05,3.813444816053511488e+01,1.040000000000000000e+02,2.400000000000000000e+01,4.000000000000000000e+00,3.000000000000000000e+00,3.000000000000000000e+00,2.000000000000000000e+00,4.000000000000000000e+00,4.000000000000000000e+00,3.000000000000000000e+00,1.738396624472573926e+00,3.000000000000000000e+00,4.962318840579710510e+00,2.779166666666666785e+00,2.000000000000000000e+00,7.300000000000000000e+01,8.400000000000000355e+00,2.045977011494252817e+00,2.948120300751879697e+00,3.000000000000000000e+00,7.111000000000000000e+03,0.000000000000000000e+00,0.000000000000000000e+00,2.000000000000000000e+00
2.000000000000000000e+00,1.000000000000000000e+00,5.294930000000000000e+05,3.829999999999999716e+01,1.120000000000000000e+02,1.600000000000000000e+01,2.356435643564356308e+00,3.000000000000000000e+00,5.000000000000000000e+00,2.000000000000000000e+00,2.908196721311475219e+00,2.908227848101265778e+00,1.000000000000000000e+00,1.000000000000000000e+00,2.000000000000000000e+00,4.962318840579710510e+00,2.779166666666666785e+00,5.000000000000000000e+00,5.100000000000000000e+01,6.000000000000000000e+00,2.000000000000000000e+00,1.000000000000000000e+00,3.000000000000000000e+00,5.205000000000000000e+03,0.000000000000000000e+00,0.000000000000000000e+00,1.000000000000000000e+00
1.000000000000000000e+00,1.000000000000000000e+00,5.338470000000000000e+05,3.779999999999999716e+01,7.200000000000000000e+01,3.052188552188552251e+01,2.356435643564356308e+00,3.000000000000000000e+00,2.834375000000000089e+00,1.000000000000000000e+00,5.000000000000000000e+00,3.000000000000000000e+00,1.000000000000000000e+00,1.738396624472573926e+00,1.000000000000000000e+00,4.962318840579710510e+00,1.000000000000000000e+00,1.000000000000000000e+00,5.600000000000000000e+01,8.000000000000000000e+01,1.000000000000000000e+00,2.000000000000000000e+00,1.000000000000000000e+00,3.111000000000000000e+03,0.000000000000000000e+00,0.000000000000000000e+00,2.000000000000000000e+00
2.000000000000000000e+00,1.000000000000000000e+00,5.289960000000000000e+05,3.860000000000000142e+01,5.200000000000000000e+01,3.052188552188552251e+01,1.000000000000000000e+00,1.000000000000000000e+00,1.000000000000000000e+00,1.000000000000000000e+00,3.000000000000000000e+00,3.000000000000000000e+00,2.000000000000000000e+00,1.000000000000000000e+00,1.000000000000000000e+00,4.962318840579710510e+00,1.000000000000000000e+00,3.000000000000000000e+00,3.200000000000000000e+01,6.599999999999999645e+00,1.000000000000000000e+00,5.000000000000000000e+00,1.000000000000000000e+00,0.000000000000000000e+00,0.000000000000000000e+00,0.000000000000000000e+00,1.000000000000000000e+00
1.000000000000000000e+00,9.000000000000000000e+00,5.277409000000000000e+06,3.920000000000000284e+01,1.460000000000000000e+02,9.600000000000000000e+01,2.356435643564356308e+00,1.961403508771929927e+00,2.834375000000000089e+00,1.303030303030302983e+00,2.908196721311475219e+00,2.908227848101265778e+00,2.224422442244224474e+00,1.738396624472573926e+00,1.608510638297872442e+00,4.962318840579710510e+00,2.779166666666666785e+00,3.715555555555555500e+00,4.565679758308156977e+01,2.477107692307692233e+01,2.045977011494252817e+00,2.948120300751879697e+00,2.000000000000000000e+00,2.113000000000000000e+03,0.000000000000000000e+00,0.000000000000000000e+00,2.000000000000000000e+00
1.000000000000000000e+00,1.000000000000000000e+00,5.294980000000000000e+05,3.813444816053511488e+01,8.800000000000000000e+01,3.052188552188552251e+01,3.000000000000000000e+00,3.000000000000000000e+00,6.000000000000000000e+00,2.000000000000000000e+00,5.000000000000000000e+00,3.000000000000000000e+00,3.000000000000000000e+00,1.000000000000000000e+00,3.000000000000000000e+00,4.962318840579710510e+00,4.000000000000000000e+00,5.000000000000000000e+00,6.300000000000000000e+01,6.500000000000000000e+00,3.000000000000000000e+00,2.948120300751879697e+00,2.000000000000000000e+00,4.205000000000000000e+03,0.000000000000000000e+00,0.000000000000000000e+00,2.000000000000000000e+00
2.000000000000000000e+00,9.000000000000000000e+00,5.288249000000000000e+06,3.900000000000000000e+01,1.500000000000000000e+02,7.200000000000000000e+01,2.356435643564356308e+00,1.961403508771929927e+00,2.834375000000000089e+00,1.303030303030302983e+00,2.908196721311475219e+00,2.908227848101265778e+00,2.224422442244224474e+00,1.738396624472573926e+00,1.608510638297872442e+00,4.962318840579710510e+00,2.779166666666666785e+00,3.715555555555555500e+00,4.700000000000000000e+01,8.500000000000000000e+00,2.045977011494252817e+00,1.000000000000000056e-01,1.000000000000000000e+00,9.400000000000000000e+03,0.000000000000000000e+00,0.000000000000000000e+00,1.000000000000000000e+00
2.000000000000000000e+00,1.000000000000000000e+00,5.303010000000000000e+05,3.800000000000000000e+01,6.000000000000000000e+01,1.200000000000000000e+01,3.000000000000000000e+00,1.000000000000000000e+00,3.000000000000000000e+00,1.000000000000000000e+00,3.000000000000000000e+00,3.000000000000000000e+00,1.000000000000000000e+00,1.000000000000000000e+00,1.000000000000000000e+00,4.962318840579710510e+00,2.000000000000000000e+00,2.000000000000000000e+00,4.700000000000000000e+01,7.000000000000000000e+00,2.045977011494252817e+00,2.948120300751879697e+00,1.000000000000000000e+00,3.111000000000000000e+03,0.000000000000000000e+00,0.000000000000000000e+00,2.000000000000000000e+00
1.000000000000000000e+00,1.000000000000000000e+00,5.340690000000000000e+05,3.813444816053511488e+01,1.200000000000000000e+02,3.052188552188552251e+01,3.000000000000000000e+00,4.000000000000000000e+00,4.000000000000000000e+00,1.000000000000000000e+00,4.000000000000000000e+00,4.000000000000000000e+00,4.000000000000000000e+00,1.000000000000000000e+00,1.000000000000000000e+00,4.962318840579710510e+00,2.779166666666666785e+00,5.000000000000000000e+00,5.200000000000000000e+01,6.700000000000000000e+01,2.000000000000000000e+00,2.000000000000000000e+00,3.000000000000000000e+00,3.205000000000000000e+03,0.000000000000000000e+00,0.000000000000000000e+00,2.000000000000000000e+00
1.000000000000000000e+00,1.000000000000000000e+00,5.354070000000000000e+05,3.539999999999999858e+01,1.400000000000000000e+02,2.400000000000000000e+01,3.000000000000000000e+00,3.000000000000000000e+00,4.000000000000000000e+00,2.000000000000000000e+00,4.000000000000000000e+00,4.000000000000000000e+00,2.224422442244224474e+00,2.000000000000000000e+00,1.000000000000000000e+00,4.962318840579710510e+00,2.779166666666666785e+00,5.000000000000000000e+00,5.700000000000000000e+01,6.900000000000000000e+01,3.000000000000000000e+00,2.000000000000000000e+00,3.000000000000000000e+00,3.205000000000000000e+03,0.000000000000000000e+00,0.000000000000000000e+00,2.000000000000000000e+00
2.000000000000000000e+00,1.000000000000000000e+00,5.298270000000000000e+05,3.813444816053511488e+01,1.200000000000000000e+02,3.052188552188552251e+01,4.000000000000000000e+00,3.000000000000000000e+00,4.000000000000000000e+00,2.000000000000000000e+00,5.000000000000000000e+00,4.000000000000000000e+00,4.000000000000000000e+00,1.000000000000000000e+00,1.000000000000000000e+00,4.962318840579710510e+00,4.000000000000000000e+00,5.000000000000000000e+00,6.000000000000000000e+01,6.500000000000000000e+00,3.000000000000000000e+00,2.948120300751879697e+00,2.000000000000000000e+00,3.205000000000000000e+03,0.000000000000000000e+00,0.000000000000000000e+00,2.000000000000000000e+00
1.000000000000000000e+00,1.000000000000000000e+00,5.298880000000000000e+05,3.789999999999999858e+01,6.000000000000000000e+01,1.500000000000000000e+01,3.000000000000000000e+00,1.961403508771929927e+00,4.000000000000000000e+00,2.000000000000000000e+00,5.000000000000000000e+00,4.000000000000000000e+00,4.000000000000000000e+00,2.000000000000000000e+00,2.000000000000000000e+00,4.962318840579710510e+00,4.000000000000000000e+00,5.000000000000000000e+00,6.500000000000000000e+01,7.500000000000000000e+00,2.045977011494252817e+00,2.948120300751879697e+00,1.000000000000000000e+00,2.305000000000000000e+03,0.000000000000000000e+00,0.000000000000000000e+00,1.000000000000000000e+00
2.000000000000000000e+00,1.000000000000000000e+00,5.298210000000000000e+05,3.750000000000000000e+01,4.800000000000000000e+01,1.600000000000000000e+01,1.000000000000000000e+00,1.000000000000000000e+00,1.000000000000000000e+00,1.000000000000000000e+00,1.000000000000000000e+00,1.000000000000000000e+00,1.000000000000000000e+00,1.000000000000000000e+00,1.000000000000000000e+00,4.962318840579710510e+00,1.000000000000000000e+00,3.715555555555555500e+00,3.700000000000000000e+01,6.500000000000000000e+00,2.045977011494252817e+00,2.948120300751879697e+00,1.000000000000000000e+00,0.000000000000000000e+00,0.000000000000000000e+00,0.000000000000000000e+00,2.000000000000000000e+00
1.000000000000000000e+00,1.000000000000000000e+00,5.288900000000000000e+05,3.889999999999999858e+01,8.000000000000000000e+01,4.400000000000000000e+01,3.000000000000000000e+00,3.000000000000000000e+00,3.000000000000000000e+00,2.000000000000000000e+00,2.000000000000000000e+00,3.000000000000000000e+00,3.000000000000000000e+00,2.000000000000000000e+00,2.000000000000000000e+00,7.000000000000000000e+00,3.000000000000000000e+00,1.000000000000000000e+00,5.400000000000000000e+01,6.500000000000000000e+00,3.000000000000000000e+00,2.948120300751879697e+00,2.000000000000000000e+00,7.111000000000000000e+03,0.000000000000000000e+00,0.000000000000000000e+00,2.000000000000000000e+00
2.000000000000000000e+00,1.000000000000000000e+00,5.296420000000000000e+05,3.720000000000000284e+01,8.400000000000000000e+01,4.800000000000000000e+01,3.000000000000000000e+00,3.000000000000000000e+00,5.000000000000000000e+00,2.000000000000000000e+00,4.000000000000000000e+00,1.000000000000000000e+00,2.000000000000000000e+00,1.000000000000000000e+00,2.000000000000000000e+00,4.962318840579710510e+00,2.000000000000000000e+00,1.000000000000000000e+00,7.300000000000000000e+01,5.500000000000000000e+00,2.000000000000000000e+00,4.099999999999999645e+00,2.000000000000000000e+00,4.300000000000000000e+03,0.000000000000000000e+00,0.000000000000000000e+00,1.000000000000000000e+00
2.000000000000000000e+00,1.000000000000000000e+00,5.297660000000000000e+05,3.860000000000000142e+01,4.600000000000000000e+01,3.052188552188552251e+01,1.000000000000000000e+00,1.000000000000000000e+00,2.000000000000000000e+00,1.000000000000000000e+00,1.000000000000000000e+00,3.000000000000000000e+00,2.000000000000000000e+00,1.000000000000000000e+00,1.000000000000000000e+00,4.962318840579710510e+00,2.779166666666666785e+00,2.000000000000000000e+00,4.900000000000000000e+01,9.099999999999999645e+00,1.000000000000000000e+00,1.600000000000000089e+00,1.000000000000000000e+00,3.111000000000000000e+03,0.000000000000000000e+00,0.000000000000000000e+00,1.000000000000000000e+00
1.000000000000000000e+00,1.000000000000000000e+00,5.277060000000000000e+05,3.739999999999999858e+01,8.400000000000000000e+01,3.600000000000000000e+01,1.000000000000000000e+00,1.961403508771929927e+00,3.000000000000000000e+00,2.000000000000000000e+00,3.000000000000000000e+00,3.000000000000000000e+00,2.000000000000000000e+00,1.738396624472573926e+00,1.608510638297872442e+00,4.962318840579710510e+00,4.000000000000000000e+00,5.000000000000000000e+00,4.565679758308156977e+01,2.477107692307692233e+01,3.000000000000000000e+00,2.948120300751879697e+00,2.000000000000000000e+00,7.209000000000000000e+03,0.000000000000000000e+00,0.000000000000000000e+00,1.000000000000000000e+00
2.000000000000000000e+00,1.000000000000000000e+00,5.294830000000000000e+05,3.813444816053511488e+01,7.075730994152046094e+01,3.052188552188552251e+01,1.000000000000000000e+00,1.000000000000000000e+00,3.000000000000000000e+00,1.000000000000000000e+00,1.000000000000000000e+00,3.000000000000000000e+00,1.000000000000000000e+00,1.738396624472573926e+00,1.608510638297872442e+00,4.962318840579710510e+00,2.000000000000000000e+00,2.000000000000000000e+00,4.300000000000000000e+01,7.700000000000000178e+00,2.045977011494252817e+00,2.948120300751879697e+00,1.000000000000000000e+00,3.111000000000000000e+03,0.000000000000000000e+00,0.000000000000000000e+00,2.000000000000000000e+00
2.000000000000000000e+00,1.000000000000000000e+00,5.305440000000000000e+05,3.860000000000000142e+01,4.000000000000000000e+01,2.000000000000000000e+01,2.356435643564356308e+00,1.961403508771929927e+00,2.834375000000000089e+00,1.000000000000000000e+00,2.908196721311475219e+00,2.908227848101265778e+00,2.224422442244224474e+00,1.738396624472573926e+00,1.608510638297872442e+00,4.962318840579710510e+00,2.779166666666666785e+00,3.715555555555555500e+00,4.100000000000000000e+01,6.400000000000000355e+00,2.045977011494252817e+00,2.948120300751879697e+00,1.000000000000000000e+00,3.111000000000000000e+03,0.000000000000000000e+00,0.000000000000000000e+00,1.000000000000000000e+00
2.000000000000000000e+00,1.000000000000000000e+00,5.294610000000000000e+05,4.029999999999999716e+01,1.140000000000000000e+02,3.600000000000000000e+01,3.000000000000000000e+00,3.000000000000000000e+00,1.000000000000000000e+00,2.000000000000000000e+00,2.000000000000000000e+00,3.000000000000000000e+00,3.000000000000000000e+00,2.000000000000000000e+00,1.000000000000000000e+00,7.000000000000000000e+00,1.000000000000000000e+00,5.000000000000000000e+00,5.700000000000000000e+01,8.099999999999999645e+00,3.000000000000000000e+00,4.500000000000000000e+00,3.000000000000000000e+00,7.400000000000000000e+03,0.000000000000000000e+00,0.000000000000000000e+00,1.000000000000000000e+00
1.000000000000000000e+00,9.000000000000000000e+00,5.282839000000000000e+06,3.860000000000000142e+01,1.600000000000000000e+02,2.000000000000000000e+01,3.000000000000000000e+00,1.961403508771929927e+00,5.000000000000000000e+00,1.000000000000000000e+00,3.000000000000000000e+00,3.000000000000000000e+00,4.000000000000000000e+00,3.000000000000000000e+00,1.608510638297872442e+00,4.962318840579710510e+00,4.000000000000000000e+00,3.715555555555555500e+00,3.800000000000000000e+01,2.477107692307692233e+01,2.000000000000000000e+00,2.948120300751879697e+00,2.000000000000000000e+00,7.111000000000000000e+03,0.000000000000000000e+00,0.000000000000000000e+00,1.000000000000000000e+00
1.000000000000000000e+00,1.000000000000000000e+00,5.288720000000000000e+05,3.813444816053511488e+01,7.075730994152046094e+01,3.052188552188552251e+01,2.356435643564356308e+00,1.961403508771929927e+00,2.834375000000000089e+00,1.303030303030302983e+00,2.908196721311475219e+00,2.908227848101265778e+00,2.224422442244224474e+00,1.738396624472573926e+00,1.608510638297872442e+00,4.962318840579710510e+00,2.779166666666666785e+00,3.715555555555555500e+00,2.400000000000000000e+01,6.700000000000000178e+00,2.045977011494252817e+00,2.948120300751879697e+00,1.000000000000000000e+00,3.112000000000000000e+03,0.000000000000000000e+00,0.000000000000000000e+00,2.000000000000000000e+00
1.000000000000000000e+00,1.000000000000000000e+00,5.296400000000000000e+05,3.813444816053511488e+01,6.400000000000000000e+01,3.600000000000000000e+01,2.000000000000000000e+00,1.961403508771929927e+00,2.000000000000000000e+00,1.000000000000000000e+00,5.000000000000000000e+00,3.000000000000000000e+00,3.000000000000000000e+00,2.000000000000000000e+00,2.000000000000000000e+00,4.962318840579710510e+00,2.779166666666666785e+00,3.715555555555555500e+00,4.200000000000000000e+01,7.700000000000000178e+00,2.045977011494252817e+00,2.948120300751879697e+00,2.000000000000000000e+00,3.209000000000000000e+03,0.000000000000000000e+00,0.000000000000000000e+00,2.000000000000000000e+00
1.000000000000000000e+00,1.000000000000000000e+00,5.282980000000000000e+05,3.813444816053511488e+01,7.075730994152046094e+01,2.000000000000000000e+01,4.000000000000000000e+00,3.000000000000000000e+00,3.000000000000000000e+00,1.303030303030302983e+00,5.000000000000000000e+00,4.000000000000000000e+00,3.000000000000000000e+00,2.000000000000000000e+00,1.608510638297872442e+00,4.962318840579710510e+00,4.000000000000000000e+00,4.000000000000000000e+00,5.300000000000000000e+01,5.900000000000000355e+00,3.000000000000000000e+00,2.948120300751879697e+00,2.000000000000000000e+00,3.205000000000000000e+03,0.000000000000000000e+00,0.000000000000000000e+00,1.000000000000000000e+00
2.000000000000000000e+00,1.000000000000000000e+00,5.289040000000000000e+05,3.813444816053511488e+01,9.600000000000000000e+01,3.052188552188552251e+01,3.000000000000000000e+00,3.000000000000000000e+00,3.000000000000000000e+00,2.000000000000000000e+00,5.000000000000000000e+00,4.000000000000000000e+00,4.000000000000000000e+00,1.000000000000000000e+00,2.000000000000000000e+00,4.962318840579710510e+00,4.000000000000000000e+00,5.000000000000000000e+00,6.000000000000000000e+01,2.477107692307692233e+01,2.045977011494252817e+00,2.948120300751879697e+00,2.000000000000000000e+00,4.205000000000000000e+03,0.000000000000000000e+00,0.000000000000000000e+00,2.000000000000000000e+00
2.000000000000000000e+00,1.000000000000000000e+00,5.304380000000000000e+05,3.779999999999999716e+01,4.800000000000000000e+01,3.200000000000000000e+01,1.000000000000000000e+00,1.000000000000000000e+00,3.000000000000000000e+00,1.000000000000000000e+00,2.000000000000000000e+00,1.000000000000000000e+00,2.224422442244224474e+00,1.000000000000000000e+00,1.000000000000000000e+00,4.962318840579710510e+00,4.000000000000000000e+00,5.000000000000000000e+00,3.700000000000000000e+01,6.700000000000000178e+00,2.045977011494252817e+00,2.948120300751879697e+00,1.000000000000000000e+00,2.124000000000000000e+03,0.000000000000000000e+00,0.000000000000000000e+00,2.000000000000000000e+00
2.000000000000000000e+00,1.000000000000000000e+00,5.279570000000000000e+05,3.850000000000000000e+01,6.000000000000000000e+01,3.052188552188552251e+01,2.000000000000000000e+00,2.000000000000000000e+00,1.000000000000000000e+00,1.000000000000000000e+00,1.000000000000000000e+00,2.000000000000000000e+00,2.000000000000000000e+00,2.000000000000000000e+00,1.000000000000000000e+00,4.962318840579710510e+00,1.000000000000000000e+00,1.000000000000000000e+00,4.400000000000000000e+01,7.700000000000000178e+00,2.045977011494252817e+00,2.948120300751879697e+00,1.000000000000000000e+00,0.000000000000000000e+00,0.000000000000000000e+00,0.000000000000000000e+00,2.000000000000000000e+00
1.000000000000000000e+00,1.000000000000000000e+00,5.286300000000000000e+05,3.779999999999999716e+01,8.800000000000000000e+01,2.200000000000000000e+01,2.000000000000000000e+00,1.000000000000000000e+00,2.000000000000000000e+00,1.000000000000000000e+00,3.000000000000000000e+00,2.908227848101265778e+00,2.224422442244224474e+00,2.000000000000000000e+00,1.608510638297872442e+00,4.962318840579710510e+00,4.000000000000000000e+00,3.715555555555555500e+00,6.400000000000000000e+01,8.000000000000000000e+00,1.000000000000000000e+00,6.000000000000000000e+00,2.000000000000000000e+00,3.205000000000000000e+03,0.000000000000000000e+00,0.000000000000000000e+00,1.000000000000000000e+00
2.000000000000000000e+00,1.000000000000000000e+00,5.342930000000000000e+05,3.820000000000000284e+01,1.300000000000000000e+02,1.600000000000000000e+01,4.000000000000000000e+00,3.000000000000000000e+00,4.000000000000000000e+00,2.000000000000000000e+00,2.000000000000000000e+00,4.000000000000000000e+00,4.000000000000000000e+00,1.000000000000000000e+00,1.000000000000000000e+00,4.962318840579710510e+00,2.779166666666666785e+00,3.715555555555555500e+00,6.500000000000000000e+01,8.200000000000000000e+01,2.000000000000000000e+00,2.000000000000000000e+00,3.000000000000000000e+00,2.209000000000000000e+03,1.400000000000000000e+03,0.000000000000000000e+00,2.000000000000000000e+00
1.000000000000000000e+00,1.000000000000000000e+00,5.296670000000000000e+05,3.900000000000000000e+01,6.400000000000000000e+01,3.600000000000000000e+01,3.000000000000000000e+00,1.000000000000000000e+00,4.000000000000000000e+00,2.000000000000000000e+00,3.000000000000000000e+00,3.000000000000000000e+00,2.000000000000000000e+00,1.000000000000000000e+00,2.000000000000000000e+00,7.000000000000000000e+00,4.000000000000000000e+00,5.000000000000000000e+00,4.400000000000000000e+01,7.500000000000000000e+00,3.000000000000000000e+00,5.000000000000000000e+00,1.000000000000000000e+00,2.113000000000000000e+03,0.000000000000000000e+00,0.000000000000000000e+00,1.000000000000000000e+00
1.000000000000000000e+00,1.000000000000000000e+00,5.348850000000000000e+05,3.813444816053511488e+01,6.000000000000000000e+01,3.600000000000000000e+01,3.000000000000000000e+00,1.000000000000000000e+00,3.000000000000000000e+00,1.000000000000000000e+00,3.000000000000000000e+00,3.000000000000000000e+00,2.000000000000000000e+00,1.000000000000000000e+00,1.000000000000000000e+00,4.962318840579710510e+00,3.000000000000000000e+00,4.000000000000000000e+00,2.600000000000000000e+01,7.200000000000000000e+01,2.000000000000000000e+00,1.000000000000000000e+00,1.000000000000000000e+00,2.208000000000000000e+03,0.000000000000000000e+00,0.000000000000000000e+00,2.000000000000000000e+00
2.000000000000000000e+00,1.000000000000000000e+00,5.347840000000000000e+05,3.789999999999999858e+01,7.200000000000000000e+01,3.052188552188552251e+01,1.000000000000000000e+00,1.000000000000000000e+00,5.000000000000000000e+00,2.000000000000000000e+00,3.000000000000000000e+00,3.000000000000000000e+00,1.000000000000000000e+00,1.000000000000000000e+00,3.000000000000000000e+00,2.000000000000000000e+00,3.000000000000000000e+00,4.000000000000000000e+00,5.800000000000000000e+01,7.400000000000000000e+01,1.000000000000000000e+00,2.000000000000000000e+00,1.000000000000000000e+00,2.322000000000000000e+03,0.000000000000000000e+00,0.000000000000000000e+00,2.000000000000000000e+00
2.000000000000000000e+00,1.000000000000000000e+00,5.289310000000000000e+05,3.839999999999999858e+01,5.400000000000000000e+01,2.400000000000000000e+01,1.000000000000000000e+00,1.000000000000000000e+00,1.000000000000000000e+00,1.000000000000000000e+00,1.000000000000000000e+00,3.000000000000000000e+00,1.000000000000000000e+00,2.000000000000000000e+00,1.000000000000000000e+00,4.962318840579710510e+00,3.000000000000000000e+00,2.000000000000000000e+00,4.900000000000000000e+01,7.200000000000000178e+00,1.000000000000000000e+00,2.948120300751879697e+00,1.000000000000000000e+00,3.111000000000000000e+03,0.000000000000000000e+00,0.000000000000000000e+00,1.000000000000000000e+00
2.000000000000000000e+00,1.000000000000000000e+00,5.297770000000000000e+05,3.813444816053511488e+01,5.200000000000000000e+01,1.600000000000000000e+01,1.000000000000000000e+00,1.961403508771929927e+00,3.000000000000000000e+00,1.000000000000000000e+00,2.908196721311475219e+00,2.908227848101265778e+00,2.224422442244224474e+00,2.000000000000000000e+00,3.000000000000000000e+00,5.500000000000000000e+00,2.779166666666666785e+00,3.715555555555555500e+00,5.500000000000000000e+01,7.200000000000000178e+00,2.045977011494252817e+00,2.948120300751879697e+00,1.000000000000000000e+00,2.124000000000000000e+03,0.000000000000000000e+00,0.000000000000000000e+00,2.000000000000000000e+00
2.000000000000000000e+00,1.000000000000000000e+00,5.302760000000000000e+05,3.800000000000000000e+01,4.800000000000000000e+01,1.200000000000000000e+01,1.000000000000000000e+00,1.000000000000000000e+00,1.000000000000000000e+00,1.000000000000000000e+00,1.000000000000000000e+00,3.000000000000000000e+00,2.224422442244224474e+00,1.000000000000000000e+00,1.000000000000000000e+00,4.962318840579710510e+00,3.000000000000000000e+00,2.000000000000000000e+00,4.200000000000000000e+01,6.299999999999999822e+00,2.000000000000000000e+00,4.099999999999999645e+00,1.000000000000000000e+00,3.111000000000000000e+03,0.000000000000000000e+00,0.000000000000000000e+00,1.000000000000000000e+00
2.000000000000000000e+00,1.000000000000000000e+00,5.282140000000000000e+05,3.700000000000000000e+01,6.000000000000000000e+01,2.000000000000000000e+01,3.000000000000000000e+00,1.961403508771929927e+00,2.834375000000000089e+00,1.000000000000000000e+00,3.000000000000000000e+00,2.908227848101265778e+00,3.000000000000000000e+00,2.000000000000000000e+00,2.000000000000000000e+00,4.500000000000000000e+00,4.000000000000000000e+00,4.000000000000000000e+00,4.300000000000000000e+01,7.599999999999999645e+00,2.045977011494252817e+00,2.948120300751879697e+00,3.000000000000000000e+00,2.209000000000000000e+03,0.000000000000000000e+00,0.000000000000000000e+00,1.000000000000000000e+00
1.000000000000000000e+00,1.000000000000000000e+00,5.294240000000000000e+05,3.779999999999999716e+01,4.800000000000000000e+01,2.800000000000000000e+01,1.000000000000000000e+00,1.000000000000000000e+00,1.000000000000000000e+00,1.000000000000000000e+00,1.000000000000000000e+00,2.000000000000000000e+00,1.000000000000000000e+00,2.000000000000000000e+00,1.608510638297872442e+00,4.962318840579710510e+00,1.000000000000000000e+00,1.000000000000000000e+00,4.600000000000000000e+01,5.900000000000000355e+00,2.000000000000000000e+00,7.000000000000000000e+00,1.000000000000000000e+00,0.000000000000000000e+00,0.000000000000000000e+00,0.000000000000000000e+00,1.000000000000000000e+00
1.000000000000000000e+00,1.000000000000000000e+00,5.299253000000000000e+06,3.770000000000000284e+01,5.600000000000000000e+01,3.052188552188552251e+01,2.356435643564356308e+00,1.961403508771929927e+00,2.834375000000000089e+00,1.303030303030302983e+00,2.908196721311475219e+00,2.908227848101265778e+00,2.224422442244224474e+00,1.738396624472573926e+00,1.608510638297872442e+00,4.962318840579710510e+00,2.779166666666666785e+00,3.715555555555555500e+00,4.565679758308156977e+01,2.477107692307692233e+01,2.045977011494252817e+00,2.948120300751879697e+00,2.000000000000000000e+00,2.113000000000000000e+03,0.000000000000000000e+00,0.000000000000000000e+00,2.000000000000000000e+00
1.000000000000000000e+00,1.000000000000000000e+00,5.284690000000000000e+05,3.810000000000000142e+01,5.200000000000000000e+01,2.400000000000000000e+01,1.000000000000000000e+00,1.000000000000000000e+00,5.000000000000000000e+00,1.000000000000000000e+00,4.000000000000000000e+00,3.000000000000000000e+00,1.000000000000000000e+00,2.000000000000000000e+00,3.000000000000000000e+00,7.000000000000000000e+00,1.000000000000000000e+00,3.715555555555555500e+00,5.400000000000000000e+01,7.500000000000000000e+00,2.000000000000000000e+00,2.600000000000000089e+00,2.000000000000000000e+00,2.112000000000000000e+03,0.000000000000000000e+00,0.000000000000000000e+00,1.000000000000000000e+00
1.000000000000000000e+00,9.000000000000000000e+00,5.292929000000000000e+06,3.813444816053511488e+01,7.075730994152046094e+01,3.052188552188552251e+01,2.356435643564356308e+00,1.961403508771929927e+00,2.834375000000000089e+00,1.303030303030302983e+00,2.908196721311475219e+00,2.908227848101265778e+00,2.224422442244224474e+00,1.738396624472573926e+00,1.608510638297872442e+00,4.962318840579710510e+00,2.779166666666666785e+00,3.715555555555555500e+00,3.700000000000000000e+01,4.900000000000000355e+00,2.045977011494252817e+00,2.948120300751879697e+00,2.000000000000000000e+00,1.112400000000000000e+04,0.000000000000000000e+00,0.000000000000000000e+00,2.000000000000000000e+00
1.000000000000000000e+00,9.000000000000000000e+00,5.340920000000000000e+05,3.970000000000000284e+01,1.000000000000000000e+02,3.052188552188552251e+01,3.000000000000000000e+00,3.000000000000000000e+00,5.000000000000000000e+00,2.000000000000000000e+00,2.000000000000000000e+00,3.000000000000000000e+00,2.224422442244224474e+00,1.738396624472573926e+00,1.608510638297872442e+00,4.962318840579710510e+00,2.779166666666666785e+00,3.715555555555555500e+00,4.800000000000000000e+01,5.700000000000000000e+01,2.000000000000000000e+00,2.000000000000000000e+00,3.000000000000000000e+00,1.400000000000000000e+03,0.000000000000000000e+00,0.000000000000000000e+00,2.000000000000000000e+00
1.000000000000000000e+00,1.000000000000000000e+00,5.346150000000000000e+05,3.760000000000000142e+01,3.800000000000000000e+01,2.000000000000000000e+01,3.000000000000000000e+00,3.000000000000000000e+00,1.000000000000000000e+00,1.000000000000000000e+00,3.000000000000000000e+00,3.000000000000000000e+00,2.000000000000000000e+00,1.738396624472573926e+00,1.608510638297872442e+00,4.962318840579710510e+00,3.000000000000000000e+00,3.715555555555555500e+00,3.700000000000000000e+01,6.800000000000000000e+01,2.045977011494252817e+00,2.948120300751879697e+00,1.000000000000000000e+00,3.205000000000000000e+03,0.000000000000000000e+00,0.000000000000000000e+00,2.000000000000000000e+00
2.000000000000000000e+00,1.000000000000000000e+00,5.347530000000000000e+05,3.870000000000000284e+01,5.200000000000000000e+01,2.000000000000000000e+01,2.000000000000000000e+00,1.961403508771929927e+00,1.000000000000000000e+00,1.000000000000000000e+00,1.000000000000000000e+00,1.000000000000000000e+00,1.000000000000000000e+00,1.000000000000000000e+00,1.000000000000000000e+00,4.962318840579710510e+00,1.000000000000000000e+00,1.000000000000000000e+00,3.300000000000000000e+01,7.700000000000000000e+01,2.045977011494252817e+00,2.948120300751879697e+00,1.000000000000000000e+00,0.000000000000000000e+00,0.000000000000000000e+00,0.000000000000000000e+00,2.000000000000000000e+00
1.000000000000000000e+00,1.000000000000000000e+00,5.306930000000000000e+05,3.813444816053511488e+01,7.075730994152046094e+01,3.052188552188552251e+01,3.000000000000000000e+00,3.000000000000000000e+00,3.000000000000000000e+00,3.000000000000000000e+00,5.000000000000000000e+00,3.000000000000000000e+00,3.000000000000000000e+00,3.000000000000000000e+00,2.000000000000000000e+00,4.962318840579710510e+00,4.000000000000000000e+00,5.000000000000000000e+00,4.600000000000000000e+01,5.900000000000000355e+00,2.045977011494252817e+00,2.948120300751879697e+00,2.000000000000000000e+00,3.025000000000000000e+03,0.000000000000000000e+00,0.000000000000000000e+00,2.000000000000000000e+00
1.000000000000000000e+00,1.000000000000000000e+00,5.274630000000000000e+05,3.750000000000000000e+01,9.600000000000000000e+01,1.800000000000000000e+01,1.000000000000000000e+00,3.000000000000000000e+00,6.000000000000000000e+00,2.000000000000000000e+00,3.000000000000000000e+00,4.000000000000000000e+00,2.000000000000000000e+00,2.000000000000000000e+00,3.000000000000000000e+00,5.000000000000000000e+00,2.779166666666666785e+00,4.000000000000000000e+00,6.900000000000000000e+01,8.900000000000000355e+00,3.000000000000000000e+00,2.948120300751879697e+00,1.000000000000000000e+00,2.208000000000000000e+03,0.000000000000000000e+00,0.000000000000000000e+00,1.000000000000000000e+00
1.000000000000000000e+00,1.000000000000000000e+00,5.275180000000000000e+05,3.639999999999999858e+01,9.800000000000000000e+01,3.500000000000000000e+01,3.000000000000000000e+00,3.000000000000000000e+00,4.000000000000000000e+00,1.000000000000000000e+00,4.000000000000000000e+00,3.000000000000000000e+00,2.000000000000000000e+00,1.738396624472573926e+00,1.608510638297872442e+00,4.962318840579710510e+00,4.000000000000000000e+00,4.000000000000000000e+00,4.700000000000000000e+01,6.400000000000000355e+00,3.000000000000000000e+00,3.600000000000000089e+00,2.000000000000000000e+00,2.205000000000000000e+03,0.000000000000000000e+00,0.000000000000000000e+00,1.000000000000000000e+00
1.000000000000000000e+00,1.000000000000000000e+00,5.347560000000000000e+05,3.729999999999999716e+01,4.000000000000000000e+01,3.052188552188552251e+01,2.356435643564356308e+00,3.000000000000000000e+00,1.000000000000000000e+00,1.000000000000000000e+00,2.000000000000000000e+00,3.000000000000000000e+00,2.000000000000000000e+00,3.000000000000000000e+00,1.000000000000000000e+00,4.962318840579710510e+00,3.000000000000000000e+00,5.000000000000000000e+00,3.600000000000000000e+01,2.477107692307692233e+01,3.000000000000000000e+00,2.000000000000000000e+00,1.000000000000000000e+00,3.111000000000000000e+03,0.000000000000000000e+00,0.000000000000000000e+00,2.000000000000000000e+00
1.000000000000000000e+00,9.000000000000000000e+00,5.290759000000000000e+06,3.810000000000000142e+01,1.000000000000000000e+02,8.000000000000000000e+01,3.000000000000000000e+00,1.000000000000000000e+00,2.000000000000000000e+00,1.000000000000000000e+00,3.000000000000000000e+00,4.000000000000000000e+00,1.000000000000000000e+00,1.738396624472573926e+00,1.608510638297872442e+00,4.962318840579710510e+00,1.000000000000000000e+00,3.715555555555555500e+00,3.600000000000000000e+01,5.700000000000000178e+00,2.045977011494252817e+00,2.948120300751879697e+00,1.000000000000000000e+00,3.111000000000000000e+03,0.000000000000000000e+00,0.000000000000000000e+00,2.000000000000000000e+00
1.000000000000000000e+00,1.000000000000000000e+00,5.279822000000000000e+06,3.800000000000000000e+01,7.075730994152046094e+01,2.400000000000000000e+01,3.000000000000000000e+00,3.000000000000000000e+00,6.000000000000000000e+00,2.000000000000000000e+00,5.000000000000000000e+00,2.908227848101265778e+00,4.000000000000000000e+00,1.000000000000000000e+00,1.000000000000000000e+00,4.962318840579710510e+00,2.779166666666666785e+00,3.715555555555555500e+00,6.800000000000000000e+01,7.799999999999999822e+00,2.045977011494252817e+00,2.948120300751879697e+00,2.000000000000000000e+00,3.205000000000000000e+03,0.000000000000000000e+00,0.000000000000000000e+00,2.000000000000000000e+00
1.000000000000000000e+00,1.000000000000000000e+00,5.298490000000000000e+05,3.779999999999999716e+01,6.000000000000000000e+01,8.000000000000000000e+01,1.000000000000000000e+00,3.000000000000000000e+00,2.000000000000000000e+00,2.000000000000000000e+00,2.000000000000000000e+00,3.000000000000000000e+00,3.000000000000000000e+00,1.738396624472573926e+00,2.000000000000000000e+00,5.500000000000000000e+00,4.000000000000000000e+00,3.715555555555555500e+00,4.000000000000000000e+01,4.500000000000000000e+00,2.000000000000000000e+00,2.948120300751879697e+00,1.000000000000000000e+00,5.206000000000000000e+03,0.000000000000000000e+00,0.000000000000000000e+00,1.000000000000000000e+00
2.000000000000000000e+00,1.000000000000000000e+00,5.293040000000000000e+05,3.800000000000000000e+01,5.400000000000000000e+01,3.000000000000000000e+01,2.000000000000000000e+00,3.000000000000000000e+00,3.000000000000000000e+00,3.000000000000000000e+00,3.000000000000000000e+00,1.000000000000000000e+00,2.000000000000000000e+00,2.000000000000000000e+00,2.000000000000000000e+00,4.962318840579710510e+00,2.779166666666666785e+00,4.000000000000000000e+00,4.500000000000000000e+01,6.200000000000000178e+00,2.045977011494252817e+00,2.948120300751879697e+00,1.000000000000000000e+00,4.000000000000000000e+02,0.000000000000000000e+00,0.000000000000000000e+00,2.000000000000000000e+00
1.000000000000000000e+00,1.000000000000000000e+00,5.293880000000000000e+05,3.813444816053511488e+01,8.800000000000000000e+01,4.000000000000000000e+01,3.000000000000000000e+00,3.000000000000000000e+00,4.000000000000000000e+00,2.000000000000000000e+00,5.000000000000000000e+00,4.000000000000000000e+00,3.000000000000000000e+00,3.000000000000000000e+00,1.608510638297872442e+00,4.962318840579710510e+00,4.000000000000000000e+00,5.000000000000000000e+00,5.000000000000000000e+01,7.700000000000000178e+00,3.000000000000000000e+00,1.399999999999999911e+00,2.000000000000000000e+00,4.205000000000000000e+03,0.000000000000000000e+00,0.000000000000000000e+00,1.000000000000000000e+00
2.000000000000000000e+00,1.000000000000000000e+00,5.280060000000000000e+05,3.813444816053511488e+01,4.000000000000000000e+01,1.600000000000000000e+01,2.356435643564356308e+00,1.961403508771929927e+00,2.834375000000000089e+00,1.000000000000000000e+00,2.908196721311475219e+00,2.908227848101265778e+00,2.224422442244224474e+00,1.738396624472573926e+00,1.608510638297872442e+00,4.962318840579710510e+00,2.779166666666666785e+00,3.715555555555555500e+00,5.000000000000000000e+01,7.000000000000000000e+00,2.000000000000000000e+00,3.899999999999999911e+00,3.000000000000000000e+00,2.208000000000000000e+03,0.000000000000000000e+00,0.000000000000000000e+00,1.000000000000000000e+00
2.000000000000000000e+00,1.000000000000000000e+00,5.297030000000000000e+05,3.900000000000000000e+01,6.400000000000000000e+01,4.000000000000000000e+01,1.000000000000000000e+00,1.000000000000000000e+00,5.000000000000000000e+00,1.000000000000000000e+00,3.000000000000000000e+00,3.000000000000000000e+00,2.000000000000000000e+00,2.000000000000000000e+00,1.000000000000000000e+00,4.962318840579710510e+00,3.000000000000000000e+00,3.000000000000000000e+00,4.200000000000000000e+01,7.500000000000000000e+00,2.000000000000000000e+00,2.299999999999999822e+00,1.000000000000000000e+00,5.000000000000000000e+03,0.000000000000000000e+00,0.000000000000000000e+00,1.000000000000000000e+00
2.000000000000000000e+00,1.000000000000000000e+00,5.353810000000000000e+05,3.829999999999999716e+01,4.200000000000000000e+01,1.000000000000000000e+01,1.000000000000000000e+00,1.000000000000000000e+00,1.000000000000000000e+00,1.000000000000000000e+00,1.000000000000000000e+00,1.000000000000000000e+00,1.000000000000000000e+00,1.738396624472573926e+00,1.608510638297872442e+00,4.962318840579710510e+00,2.779166666666666785e+00,3.715555555555555500e+00,3.800000000000000000e+01,6.100000000000000000e+01,2.045977011494252817e+00,2.948120300751879697e+00,1.000000000000000000e+00,0.000000000000000000e+00,0.000000000000000000e+00,0.000000000000000000e+00,2.000000000000000000e+00
2.000000000000000000e+00,1.000000000000000000e+00,5.341970000000000000e+05,3.800000000000000000e+01,5.200000000000000000e+01,1.600000000000000000e+01,2.356435643564356308e+00,1.961403508771929927e+00,2.834375000000000089e+00,1.303030303030302983e+00,2.000000000000000000e+00,2.908227848101265778e+00,2.224422442244224474e+00,1.738396624472573926e+00,3.000000000000000000e+00,1.000000000000000000e+00,1.000000000000000000e+00,1.000000000000000000e+00,5.300000000000000000e+01,8.600000000000000000e+01,2.045977011494252817e+00,2.948120300751879697e+00,1.000000000000000000e+00,2.322000000000000000e+03,0.000000000000000000e+00,0.000000000000000000e+00,2.000000000000000000e+00
2.000000000000000000e+00,1.000000000000000000e+00,5.294610000000000000e+05,4.029999999999999716e+01,1.140000000000000000e+02,3.600000000000000000e+01,3.000000000000000000e+00,3.000000000000000000e+00,1.000000000000000000e+00,2.000000000000000000e+00,2.000000000000000000e+00,3.000000000000000000e+00,3.000000000000000000e+00,2.000000000000000000e+00,1.000000000000000000e+00,7.000000000000000000e+00,1.000000000000000000e+00,5.000000000000000000e+00,5.700000000000000000e+01,8.099999999999999645e+00,3.000000000000000000e+00,4.500000000000000000e+00,2.000000000000000000e+00,3.205000000000000000e+03,0.000000000000000000e+00,0.000000000000000000e+00,1.000000000000000000e+00
2.000000000000000000e+00,1.000000000000000000e+00,5.302510000000000000e+05,3.879999999999999716e+01,5.000000000000000000e+01,2.000000000000000000e+01,3.000000000000000000e+00,1.000000000000000000e+00,1.000000000000000000e+00,1.000000000000000000e+00,1.000000000000000000e+00,1.000000000000000000e+00,1.000000000000000000e+00,2.000000000000000000e+00,1.000000000000000000e+00,4.962318840579710510e+00,3.000000000000000000e+00,1.000000000000000000e+00,4.200000000000000000e+01,6.200000000000000178e+00,2.045977011494252817e+00,2.948120300751879697e+00,1.000000000000000000e+00,0.000000000000000000e+00,0.000000000000000000e+00,0.000000000000000000e+00,2.000000000000000000e+00
2.000000000000000000e+00,1.000000000000000000e+00,5.303100000000000000e+05,3.813444816053511488e+01,7.075730994152046094e+01,3.052188552188552251e+01,3.000000000000000000e+00,3.000000000000000000e+00,1.000000000000000000e+00,1.000000000000000000e+00,5.000000000000000000e+00,3.000000000000000000e+00,3.000000000000000000e+00,1.000000000000000000e+00,1.000000000000000000e+00,4.962318840579710510e+00,4.000000000000000000e+00,5.000000000000000000e+00,3.800000000000000000e+01,6.500000000000000000e+00,2.045977011494252817e+00,2.948120300751879697e+00,2.000000000000000000e+00,3.205000000000000000e+03,0.000000000000000000e+00,0.000000000000000000e+00,2.000000000000000000e+00
2.000000000000000000e+00,1.000000000000000000e+00,5.287290000000000000e+05,3.750000000000000000e+01,4.800000000000000000e+01,3.000000000000000000e+01,4.000000000000000000e+00,1.000000000000000000e+00,3.000000000000000000e+00,1.000000000000000000e+00,2.908196721311475219e+00,2.000000000000000000e+00,1.000000000000000000e+00,1.000000000000000000e+00,1.000000000000000000e+00,4.962318840579710510e+00,1.000000000000000000e+00,1.000000000000000000e+00,4.800000000000000000e+01,8.599999999999999645e+00,2.045977011494252817e+00,2.948120300751879697e+00,1.000000000000000000e+00,0.000000000000000000e+00,0.000000000000000000e+00,0.000000000000000000e+00,2.000000000000000000e+00
1.000000000000000000e+00,1.000000000000000000e+00,5.351580000000000000e+05,3.729999999999999716e+01,4.800000000000000000e+01,2.000000000000000000e+01,2.356435643564356308e+00,1.000000000000000000e+00,2.000000000000000000e+00,1.000000000000000000e+00,3.000000000000000000e+00,3.000000000000000000e+00,3.000000000000000000e+00,2.000000000000000000e+00,1.000000000000000000e+00,4.962318840579710510e+00,3.000000000000000000e+00,5.000000000000000000e+00,4.100000000000000000e+01,6.900000000000000000e+01,2.045977011494252817e+00,2.948120300751879697e+00,1.000000000000000000e+00,3.205000000000000000e+03,0.000000000000000000e+00,0.000000000000000000e+00,2.000000000000000000e+00
2.000000000000000000e+00,1.000000000000000000e+00,5.303190000000000000e+05,3.813444816053511488e+01,8.400000000000000000e+01,3.600000000000000000e+01,2.356435643564356308e+00,1.961403508771929927e+00,3.000000000000000000e+00,1.000000000000000000e+00,2.908196721311475219e+00,3.000000000000000000e+00,1.000000000000000000e+00,2.000000000000000000e+00,1.000000000000000000e+00,4.962318840579710510e+00,3.000000000000000000e+00,2.000000000000000000e+00,4.400000000000000000e+01,8.500000000000000000e+00,2.045977011494252817e+00,2.948120300751879697e+00,1.000000000000000000e+00,3.111000000000000000e+03,0.000000000000000000e+00,0.000000000000000000e+00,2.000000000000000000e+00
1.000000000000000000e+00,1.000000000000000000e+00,5.341450000000000000e+05,3.810000000000000142e+01,8.800000000000000000e+01,3.200000000000000000e+01,3.000000000000000000e+00,3.000000000000000000e+00,4.000000000000000000e+00,1.000000000000000000e+00,2.000000000000000000e+00,3.000000000000000000e+00,3.000000000000000000e+00,1.738396624472573926e+00,3.000000000000000000e+00,1.000000000000000000e+00,4.000000000000000000e+00,5.000000000000000000e+00,5.500000000000000000e+01,6.000000000000000000e+01,2.045977011494252817e+00,2.948120300751879697e+00,3.000000000000000000e+00,3.205000000000000000e+03,0.000000000000000000e+00,0.000000000000000000e+00,2.000000000000000000e+00
2.000000000000000000e+00,1.000000000000000000e+00,5.341350000000000000e+05,3.770000000000000284e+01,4.400000000000000000e+01,4.000000000000000000e+01,2.000000000000000000e+00,1.000000000000000000e+00,3.000000000000000000e+00,1.000000000000000000e+00,1.000000000000000000e+00,3.000000000000000000e+00,2.000000000000000000e+00,1.000000000000000000e+00,1.000000000000000000e+00,4.962318840579710510e+00,1.000000000000000000e+00,5.000000000000000000e+00,4.100000000000000000e+01,6.000000000000000000e+01,2.045977011494252817e+00,2.948120300751879697e+00,1.000000000000000000e+00,0.000000000000000000e+00,0.000000000000000000e+00,0.000000000000000000e+00,2.000000000000000000e+00
2.000000000000000000e+00,1.000000000000000000e+00,5.300020000000000000e+05,3.960000000000000142e+01,1.080000000000000000e+02,5.100000000000000000e+01,3.000000000000000000e+00,3.000000000000000000e+00,6.000000000000000000e+00,2.000000000000000000e+00,2.000000000000000000e+00,4.000000000000000000e+00,3.000000000000000000e+00,1.000000000000000000e+00,2.000000000000000000e+00,4.962318840579710510e+00,3.000000000000000000e+00,5.000000000000000000e+00,5.900000000000000000e+01,8.000000000000000000e+00,2.000000000000000000e+00,2.600000000000000089e+00,1.000000000000000000e+00,4.300000000000000000e+03,0.000000000000000000e+00,0.000000000000000000e+00,1.000000000000000000e+00
1.000000000000000000e+00,1.000000000000000000e+00,5.353640000000000000e+05,3.820000000000000284e+01,4.000000000000000000e+01,1.600000000000000000e+01,3.000000000000000000e+00,3.000000000000000000e+00,1.000000000000000000e+00,1.000000000000000000e+00,1.000000000000000000e+00,3.000000000000000000e+00,2.224422442244224474e+00,1.738396624472573926e+00,1.608510638297872442e+00,4.962318840579710510e+00,1.000000000000000000e+00,1.000000000000000000e+00,3.400000000000000000e+01,6.600000000000000000e+01,2.045977011494252817e+00,2.948120300751879697e+00,1.000000000000000000e+00,0.000000000000000000e+00,0.000000000000000000e+00,0.000000000000000000e+00,2.000000000000000000e+00
1.000000000000000000e+00,1.000000000000000000e+00,5.348990000000000000e+05,3.813444816053511488e+01,6.000000000000000000e+01,2.000000000000000000e+01,4.000000000000000000e+00,3.000000000000000000e+00,4.000000000000000000e+00,2.000000000000000000e+00,5.000000000000000000e+00,4.000000000000000000e+00,2.224422442244224474e+00,1.738396624472573926e+00,1.000000000000000000e+00,4.962318840579710510e+00,4.000000000000000000e+00,5.000000000000000000e+00,4.565679758308156977e+01,2.477107692307692233e+01,2.045977011494252817e+00,2.948120300751879697e+00,3.000000000000000000e+00,3.205000000000000000e+03,0.000000000000000000e+00,0.000000000000000000e+00,2.000000000000000000e+00
2.000000000000000000e+00,1.000000000000000000e+00,5.349380000000000000e+05,3.829999999999999716e+01,4.000000000000000000e+01,1.600000000000000000e+01,3.000000000000000000e+00,1.961403508771929927e+00,1.000000000000000000e+00,1.000000000000000000e+00,2.000000000000000000e+00,2.908227848101265778e+00,2.224422442244224474e+00,1.738396624472573926e+00,1.608510638297872442e+00,4.962318840579710510e+00,2.779166666666666785e+00,3.715555555555555500e+00,3.700000000000000000e+01,5.700000000000000000e+01,2.045977011494252817e+00,2.948120300751879697e+00,1.000000000000000000e+00,0.000000000000000000e+00,0.000000000000000000e+00,0.000000000000000000e+00,2.000000000000000000e+00
1.000000000000000000e+00,9.000000000000000000e+00,5.292489000000000000e+06,3.800000000000000000e+01,1.400000000000000000e+02,6.800000000000000000e+01,1.000000000000000000e+00,1.000000000000000000e+00,1.000000000000000000e+00,1.000000000000000000e+00,3.000000000000000000e+00,3.000000000000000000e+00,2.000000000000000000e+00,1.738396624472573926e+00,1.608510638297872442e+00,4.962318840579710510e+00,2.000000000000000000e+00,1.000000000000000000e+00,3.900000000000000000e+01,5.299999999999999822e+00,2.045977011494252817e+00,2.948120300751879697e+00,1.000000000000000000e+00,7.111000000000000000e+03,0.000000000000000000e+00,0.000000000000000000e+00,2.000000000000000000e+00
1.000000000000000000e+00,1.000000000000000000e+00,5.275630000000000000e+05,3.779999999999999716e+01,5.200000000000000000e+01,2.400000000000000000e+01,1.000000000000000000e+00,3.000000000000000000e+00,3.000000000000000000e+00,1.000000000000000000e+00,4.000000000000000000e+00,4.000000000000000000e+00,1.000000000000000000e+00,2.000000000000000000e+00,3.000000000000000000e+00,5.700000000000000178e+00,2.000000000000000000e+00,5.000000000000000000e+00,4.800000000000000000e+01,6.599999999999999645e+00,1.000000000000000000e+00,3.700000000000000178e+00,2.000000000000000000e+00,5.400000000000000000e+03,0.000000000000000000e+00,0.000000000000000000e+00,2.000000000000000000e+00
1.000000000000000000e+00,1.000000000000000000e+00,5.303810000000000000e+05,3.813444816053511488e+01,7.000000000000000000e+01,3.600000000000000000e+01,1.000000000000000000e+00,1.961403508771929927e+00,3.000000000000000000e+00,2.000000000000000000e+00,2.000000000000000000e+00,3.000000000000000000e+00,2.000000000000000000e+00,2.000000000000000000e+00,1.608510638297872442e+00,4.962318840579710510e+00,4.000000000000000000e+00,5.000000000000000000e+00,3.600000000000000000e+01,7.299999999999999822e+00,2.045977011494252817e+00,2.948120300751879697e+00,1.000000000000000000e+00,3.111000000000000000e+04,0.000000000000000000e+00,0.000000000000000000e+00,2.000000000000000000e+00
1.000000000000000000e+00,1.000000000000000000e+00,5.286680000000000000e+05,3.829999999999999716e+01,5.200000000000000000e+01,9.600000000000000000e+01,2.356435643564356308e+00,3.000000000000000000e+00,3.000000000000000000e+00,1.000000000000000000e+00,2.908196721311475219e+00,2.908227848101265778e+00,2.224422442244224474e+00,1.000000000000000000e+00,1.000000000000000000e+00,4.962318840579710510e+00,1.000000000000000000e+00,3.715555555555555500e+00,4.300000000000000000e+01,6.099999999999999645e+00,2.045977011494252817e+00,2.948120300751879697e+00,1.000000000000000000e+00,3.209000000000000000e+03,0.000000000000000000e+00,0.000000000000000000e+00,1.000000000000000000e+00
2.000000000000000000e+00,1.000000000000000000e+00,5.297640000000000000e+05,3.729999999999999716e+01,5.000000000000000000e+01,3.200000000000000000e+01,1.000000000000000000e+00,1.000000000000000000e+00,3.000000000000000000e+00,1.000000000000000000e+00,1.000000000000000000e+00,3.000000000000000000e+00,2.000000000000000000e+00,1.738396624472573926e+00,1.608510638297872442e+00,4.962318840579710510e+00,1.000000000000000000e+00,3.715555555555555500e+00,4.400000000000000000e+01,7.000000000000000000e+00,2.045977011494252817e+00,2.948120300751879697e+00,1.000000000000000000e+00,0.000000000000000000e+00,0.000000000000000000e+00,0.000000000000000000e+00,2.000000000000000000e+00
1.000000000000000000e+00,1.000000000000000000e+00,5.336960000000000000e+05,3.870000000000000284e+01,6.000000000000000000e+01,3.200000000000000000e+01,4.000000000000000000e+00,3.000000000000000000e+00,2.000000000000000000e+00,2.000000000000000000e+00,4.000000000000000000e+00,4.000000000000000000e+00,4.000000000000000000e+00,1.738396624472573926e+00,1.608510638297872442e+00,4.962318840579710510e+00,4.000000000000000000e+00,5.000000000000000000e+00,5.300000000000000000e+01,6.400000000000000000e+01,3.000000000000000000e+00,2.000000000000000000e+00,3.000000000000000000e+00,3.205000000000000000e+03,0.000000000000000000e+00,0.000000000000000000e+00,2.000000000000000000e+00
1.000000000000000000e+00,9.000000000000000000e+00,5.297379000000000000e+06,3.839999999999999858e+01,8.400000000000000000e+01,4.000000000000000000e+01,3.000000000000000000e+00,3.000000000000000000e+00,2.000000000000000000e+00,1.000000000000000000e+00,3.000000000000000000e+00,3.000000000000000000e+00,3.000000000000000000e+00,1.000000000000000000e+00,1.000000000000000000e+00,4.962318840579710510e+00,2.779166666666666785e+00,3.715555555555555500e+00,3.600000000000000000e+01,6.599999999999999645e+00,2.000000000000000000e+00,2.799999999999999822e+00,2.000000000000000000e+00,2.205000000000000000e+03,0.000000000000000000e+00,0.000000000000000000e+00,1.000000000000000000e+00
1.000000000000000000e+00,1.000000000000000000e+00,5.275440000000000000e+05,3.813444816053511488e+01,7.000000000000000000e+01,1.600000000000000000e+01,3.000000000000000000e+00,4.000000000000000000e+00,5.000000000000000000e+00,2.000000000000000000e+00,2.000000000000000000e+00,3.000000000000000000e+00,2.000000000000000000e+00,2.000000000000000000e+00,1.000000000000000000e+00,4.962318840579710510e+00,4.000000000000000000e+00,5.000000000000000000e+00,6.000000000000000000e+01,7.500000000000000000e+00,2.045977011494252817e+00,2.948120300751879697e+00,2.000000000000000000e+00,2.112000000000000000e+03,0.000000000000000000e+00,0.000000000000000000e+00,2.000000000000000000e+00
1.000000000000000000e+00,1.000000000000000000e+00,5.337360000000000000e+05,3.829999999999999716e+01,4.000000000000000000e+01,1.600000000000000000e+01,3.000000000000000000e+00,1.961403508771929927e+00,2.834375000000000089e+00,1.000000000000000000e+00,1.000000000000000000e+00,3.000000000000000000e+00,2.000000000000000000e+00,1.738396624472573926e+00,1.608510638297872442e+00,4.962318840579710510e+00,2.779166666666666785e+00,3.715555555555555500e+00,3.800000000000000000e+01,5.800000000000000000e+01,1.000000000000000000e+00,2.000000000000000000e+00,1.000000000000000000e+00,3.111000000000000000e+03,7.111000000000000000e+03,0.000000000000000000e+00,2.000000000000000000e+00
1.000000000000000000e+00,1.000000000000000000e+00,5.349630000000000000e+05,3.813444816053511488e+01,4.000000000000000000e+01,3.052188552188552251e+01,2.000000000000000000e+00,1.000000000000000000e+00,1.000000000000000000e+00,1.000000000000000000e+00,1.000000000000000000e+00,3.000000000000000000e+00,1.000000000000000000e+00,1.000000000000000000e+00,1.000000000000000000e+00,4.962318840579710510e+00,2.779166666666666785e+00,5.000000000000000000e+00,3.900000000000000000e+01,5.600000000000000000e+01,2.045977011494252817e+00,2.948120300751879697e+00,1.000000000000000000e+00,3.111000000000000000e+03,0.000000000000000000e+00,0.000000000000000000e+00,2.000000000000000000e+00
1.000000000000000000e+00,1.000000000000000000e+00,5.279330000000000000e+05,3.679999999999999716e+01,6.000000000000000000e+01,2.800000000000000000e+01,2.356435643564356308e+00,1.961403508771929927e+00,2.834375000000000089e+00,1.303030303030302983e+00,2.908196721311475219e+00,2.908227848101265778e+00,2.224422442244224474e+00,1.738396624472573926e+00,1.608510638297872442e+00,4.962318840579710510e+00,2.779166666666666785e+00,3.715555555555555500e+00,4.565679758308156977e+01,2.477107692307692233e+01,2.045977011494252817e+00,1.000000000000000000e+01,2.000000000000000000e+00,3.205000000000000000e+03,0.000000000000000000e+00,0.000000000000000000e+00,1.000000000000000000e+00
1.000000000000000000e+00,1.000000000000000000e+00,5.323490000000000000e+05,3.839999999999999858e+01,4.400000000000000000e+01,2.400000000000000000e+01,3.000000000000000000e+00,1.961403508771929927e+00,4.000000000000000000e+00,1.303030303030302983e+00,5.000000000000000000e+00,4.000000000000000000e+00,3.000000000000000000e+00,2.000000000000000000e+00,1.000000000000000000e+00,4.962318840579710510e+00,4.000000000000000000e+00,5.000000000000000000e+00,5.000000000000000000e+01,7.700000000000000000e+01,2.045977011494252817e+00,2.948120300751879697e+00,1.000000000000000000e+00,3.205000000000000000e+03,0.000000000000000000e+00,0.000000000000000000e+00,2.000000000000000000e+00
2.000000000000000000e+00,1.000000000000000000e+00,5.337230000000000000e+05,3.813444816053511488e+01,7.075730994152046094e+01,4.000000000000000000e+01,3.000000000000000000e+00,1.000000000000000000e+00,1.000000000000000000e+00,1.000000000000000000e+00,3.000000000000000000e+00,3.000000000000000000e+00,2.000000000000000000e+00,1.738396624472573926e+00,1.608510638297872442e+00,4.962318840579710510e+00,2.779166666666666785e+00,3.715555555555555500e+00,4.500000000000000000e+01,7.000000000000000000e+01,2.045977011494252817e+00,2.948120300751879697e+00,1.000000000000000000e+00,0.000000000000000000e+00,0.000000000000000000e+00,0.000000000000000000e+00,2.000000000000000000e+00
1.000000000000000000e+00,1.000000000000000000e+00,5.352080000000000000e+05,3.800000000000000000e+01,4.400000000000000000e+01,1.200000000000000000e+01,1.000000000000000000e+00,1.000000000000000000e+00,1.000000000000000000e+00,1.000000000000000000e+00,3.000000000000000000e+00,3.000000000000000000e+00,3.000000000000000000e+00,2.000000000000000000e+00,1.000000000000000000e+00,4.962318840579710510e+00,4.000000000000000000e+00,5.000000000000000000e+00,4.200000000000000000e+01,6.500000000000000000e+01,2.045977011494252817e+00,2.948120300751879697e+00,1.000000000000000000e+00,3.205000000000000000e+03,3.111000000000000000e+03,0.000000000000000000e+00,2.000000000000000000e+00
2.000000000000000000e+00,1.000000000000000000e+00,5.290482000000000000e+06,3.950000000000000000e+01,7.075730994152046094e+01,3.052188552188552251e+01,3.000000000000000000e+00,3.000000000000000000e+00,4.000000000000000000e+00,2.000000000000000000e+00,3.000000000000000000e+00,4.000000000000000000e+00,3.000000000000000000e+00,1.738396624472573926e+00,3.000000000000000000e+00,5.500000000000000000e+00,4.000000000000000000e+00,5.000000000000000000e+00,4.565679758308156977e+01,6.700000000000000178e+00,1.000000000000000000e+00,2.948120300751879697e+00,3.000000000000000000e+00,4.205000000000000000e+03,0.000000000000000000e+00,0.000000000000000000e+00,2.000000000000000000e+00
1.000000000000000000e+00,1.000000000000000000e+00,5.339830000000000000e+05,3.650000000000000000e+01,7.800000000000000000e+01,3.000000000000000000e+01,1.000000000000000000e+00,1.961403508771929927e+00,1.000000000000000000e+00,1.000000000000000000e+00,5.000000000000000000e+00,3.000000000000000000e+00,1.000000000000000000e+00,1.738396624472573926e+00,1.000000000000000000e+00,4.962318840579710510e+00,2.779166666666666785e+00,3.715555555555555500e+00,3.400000000000000000e+01,7.500000000000000000e+01,2.000000000000000000e+00,1.000000000000000000e+00,1.000000000000000000e+00,3.112000000000000000e+03,6.112000000000000000e+03,0.000000000000000000e+00,2.000000000000000000e+00
2.000000000000000000e+00,1.000000000000000000e+00,5.351660000000000000e+05,3.810000000000000142e+01,5.600000000000000000e+01,2.000000000000000000e+01,2.000000000000000000e+00,1.000000000000000000e+00,2.000000000000000000e+00,1.000000000000000000e+00,1.000000000000000000e+00,3.000000000000000000e+00,1.000000000000000000e+00,1.000000000000000000e+00,1.000000000000000000e+00,4.962318840579710510e+00,2.779166666666666785e+00,3.715555555555555500e+00,4.600000000000000000e+01,7.000000000000000000e+01,2.045977011494252817e+00,2.948120300751879697e+00,1.000000000000000000e+00,0.000000000000000000e+00,0.000000000000000000e+00,0.000000000000000000e+00,2.000000000000000000e+00
1.000000000000000000e+00,1.000000000000000000e+00,5.286820000000000000e+05,3.939999999999999858e+01,5.400000000000000000e+01,6.600000000000000000e+01,1.000000000000000000e+00,1.000000000000000000e+00,2.000000000000000000e+00,1.000000000000000000e+00,2.000000000000000000e+00,3.000000000000000000e+00,2.000000000000000000e+00,1.000000000000000000e+00,1.000000000000000000e+00,4.962318840579710510e+00,3.000000000000000000e+00,4.000000000000000000e+00,3.900000000000000000e+01,6.000000000000000000e+00,2.000000000000000000e+00,2.948120300751879697e+00,1.000000000000000000e+00,2.206000000000000000e+03,0.000000000000000000e+00,0.000000000000000000e+00,1.000000000000000000e+00
1.000000000000000000e+00,1.000000000000000000e+00,5.345560000000000000e+05,3.829999999999999716e+01,8.000000000000000000e+01,4.000000000000000000e+01,2.356435643564356308e+00,1.961403508771929927e+00,6.000000000000000000e+00,2.000000000000000000e+00,4.000000000000000000e+00,3.000000000000000000e+00,1.000000000000000000e+00,1.738396624472573926e+00,2.000000000000000000e+00,4.962318840579710510e+00,1.000000000000000000e+00,4.000000000000000000e+00,6.700000000000000000e+01,1.019999999999999929e+01,2.000000000000000000e+00,1.000000000000000000e+00,3.000000000000000000e+00,2.208000000000000000e+03,0.000000000000000000e+00,0.000000000000000000e+00,2.000000000000000000e+00
2.000000000000000000e+00,1.000000000000000000e+00,5.345790000000000000e+05,3.870000000000000284e+01,4.000000000000000000e+01,2.800000000000000000e+01,2.000000000000000000e+00,1.000000000000000000e+00,1.000000000000000000e+00,1.000000000000000000e+00,3.000000000000000000e+00,1.000000000000000000e+00,1.000000000000000000e+00,1.738396624472573926e+00,1.608510638297872442e+00,4.962318840579710510e+00,1.000000000000000000e+00,3.715555555555555500e+00,3.900000000000000000e+01,6.200000000000000000e+01,1.000000000000000000e+00,1.000000000000000000e+00,1.000000000000000000e+00,0.000000000000000000e+00,0.000000000000000000e+00,0.000000000000000000e+00,2.000000000000000000e+00
1.000000000000000000e+00,1.000000000000000000e+00,5.303600000000000000e+05,3.820000000000000284e+01,6.400000000000000000e+01,2.400000000000000000e+01,1.000000000000000000e+00,1.000000000000000000e+00,3.000000000000000000e+00,1.000000000000000000e+00,4.000000000000000000e+00,4.000000000000000000e+00,3.000000000000000000e+00,2.000000000000000000e+00,1.000000000000000000e+00,4.962318840579710510e+00,4.000000000000000000e+00,4.000000000000000000e+00,4.500000000000000000e+01,7.500000000000000000e+00,1.000000000000000000e+00,2.000000000000000000e+00,2.000000000000000000e+00,3.205000000000000000e+03,0.000000000000000000e+00,0.000000000000000000e+00,1.000000000000000000e+00
2.000000000000000000e+00,1.000000000000000000e+00,5.298400000000000000e+05,3.760000000000000142e+01,4.800000000000000000e+01,2.000000000000000000e+01,3.000000000000000000e+00,1.000000000000000000e+00,4.000000000000000000e+00,1.000000000000000000e+00,1.000000000000000000e+00,1.000000000000000000e+00,3.000000000000000000e+00,2.000000000000000000e+00,1.000000000000000000e+00,4.962318840579710510e+00,1.000000000000000000e+00,1.000000000000000000e+00,3.700000000000000000e+01,5.500000000000000000e+00,2.045977011494252817e+00,2.948120300751879697e+00,3.000000000000000000e+00,2.205000000000000000e+03,0.000000000000000000e+00,0.000000000000000000e+00,2.000000000000000000e+00
1.000000000000000000e+00,1.000000000000000000e+00,5.284610000000000000e+05,3.800000000000000000e+01,4.200000000000000000e+01,6.800000000000000000e+01,4.000000000000000000e+00,1.000000000000000000e+00,1.000000000000000000e+00,1.000000000000000000e+00,3.000000000000000000e+00,3.000000000000000000e+00,2.000000000000000000e+00,2.000000000000000000e+00,2.000000000000000000e+00,4.962318840579710510e+00,4.000000000000000000e+00,4.000000000000000000e+00,4.100000000000000000e+01,7.599999999999999645e+00,2.045977011494252817e+00,2.948120300751879697e+00,1.000000000000000000e+00,2.205000000000000000e+03,0.000000000000000000e+00,0.000000000000000000e+00,2.000000000000000000e+00
1.000000000000000000e+00,1.000000000000000000e+00,5.303840000000000000e+05,3.870000000000000284e+01,7.075730994152046094e+01,3.052188552188552251e+01,3.000000000000000000e+00,1.000000000000000000e+00,3.000000000000000000e+00,1.000000000000000000e+00,5.000000000000000000e+00,4.000000000000000000e+00,2.000000000000000000e+00,1.738396624472573926e+00,1.608510638297872442e+00,4.962318840579710510e+00,2.779166666666666785e+00,3.715555555555555500e+00,3.300000000000000000e+01,6.500000000000000000e+00,2.000000000000000000e+00,2.948120300751879697e+00,1.000000000000000000e+00,3.111000000000000000e+04,0.000000000000000000e+00,0.000000000000000000e+00,2.000000000000000000e+00
1.000000000000000000e+00,1.000000000000000000e+00,5.262541000000000000e+06,3.739999999999999858e+01,5.000000000000000000e+01,3.200000000000000000e+01,3.000000000000000000e+00,3.000000000000000000e+00,2.834375000000000089e+00,1.000000000000000000e+00,4.000000000000000000e+00,4.000000000000000000e+00,1.000000000000000000e+00,2.000000000000000000e+00,1.000000000000000000e+00,4.962318840579710510e+00,1.000000000000000000e+00,3.715555555555555500e+00,4.500000000000000000e+01,7.900000000000000355e+00,2.000000000000000000e+00,1.000000000000000000e+00,1.000000000000000000e+00,2.208000000000000000e+03,0.000000000000000000e+00,0.000000000000000000e+00,1.000000000000000000e+00
1.000000000000000000e+00,1.000000000000000000e+00,5.353300000000000000e+05,3.739999999999999858e+01,8.400000000000000000e+01,2.000000000000000000e+01,2.356435643564356308e+00,1.961403508771929927e+00,3.000000000000000000e+00,1.000000000000000000e+00,2.000000000000000000e+00,3.000000000000000000e+00,3.000000000000000000e+00,1.738396624472573926e+00,1.608510638297872442e+00,4.962318840579710510e+00,2.779166666666666785e+00,3.715555555555555500e+00,3.100000000000000000e+01,6.100000000000000000e+01,2.045977011494252817e+00,1.000000000000000000e+00,3.000000000000000000e+00,2.208000000000000000e+03,0.000000000000000000e+00,0.000000000000000000e+00,2.000000000000000000e+00
1.000000000000000000e+00,1.000000000000000000e+00,5.276980000000000000e+05,3.839999999999999858e+01,4.900000000000000000e+01,3.052188552188552251e+01,2.356435643564356308e+00,1.961403508771929927e+00,1.000000000000000000e+00,1.000000000000000000e+00,2.908196721311475219e+00,2.908227848101265778e+00,1.000000000000000000e+00,2.000000000000000000e+00,1.000000000000000000e+00,4.962318840579710510e+00,2.779166666666666785e+00,3.715555555555555500e+00,4.400000000000000000e+01,7.599999999999999645e+00,2.045977011494252817e+00,2.948120300751879697e+00,1.000000000000000000e+00,2.206000000000000000e+03,0.000000000000000000e+00,0.000000000000000000e+00,2.000000000000000000e+00
1.000000000000000000e+00,1.000000000000000000e+00,5.289640000000000000e+05,3.779999999999999716e+01,3.000000000000000000e+01,1.200000000000000000e+01,2.356435643564356308e+00,1.961403508771929927e+00,2.834375000000000089e+00,1.303030303030302983e+00,2.908196721311475219e+00,2.908227848101265778e+00,2.224422442244224474e+00,1.738396624472573926e+00,1.608510638297872442e+00,4.962318840579710510e+00,2.779166666666666785e+00,3.715555555555555500e+00,4.565679758308156977e+01,2.477107692307692233e+01,2.045977011494252817e+00,2.948120300751879697e+00,2.000000000000000000e+00,2.113000000000000000e+03,0.000000000000000000e+00,0.000000000000000000e+00,2.000000000000000000e+00
2.000000000000000000e+00,1.000000000000000000e+00,5.306700000000000000e+05,3.760000000000000142e+01,8.800000000000000000e+01,3.600000000000000000e+01,3.000000000000000000e+00,1.000000000000000000e+00,1.000000000000000000e+00,1.000000000000000000e+00,3.000000000000000000e+00,3.000000000000000000e+00,2.000000000000000000e+00,1.000000000000000000e+00,3.000000000000000000e+00,1.500000000000000000e+00,2.779166666666666785e+00,3.715555555555555500e+00,4.400000000000000000e+01,6.000000000000000000e+00,2.045977011494252817e+00,2.948120300751879697e+00,2.000000000000000000e+00,1.400000000000000000e+03,0.000000000000000000e+00,0.000000000000000000e+00,2.000000000000000000e+00
1.415300546448087449e+00,1.000000000000000000e+00,5.345720000000000000e+05,3.800000000000000000e+01,4.800000000000000000e+01,2.000000000000000000e+01,3.000000000000000000e+00,1.000000000000000000e+00,3.000000000000000000e+00,1.000000000000000000e+00,4.000000000000000000e+00,3.000000000000000000e+00,1.000000000000000000e+00,2.000000000000000000e+00,1.000000000000000000e+00,4.962318840579710510e+00,3.000000000000000000e+00,5.000000000000000000e+00,4.300000000000000000e+01,7.300000000000000000e+01,2.000000000000000000e+00,1.000000000000000000e+00,1.527322404371584730e+00,3.111000000000000000e+03,0.000000000000000000e+00,0.000000000000000000e+00,2.000000000000000000e+00
2.000000000000000000e+00,1.000000000000000000e+00,5.302940000000000000e+05,3.789999999999999858e+01,4.000000000000000000e+01,2.400000000000000000e+01,1.000000000000000000e+00,1.000000000000000000e+00,1.000000000000000000e+00,1.000000000000000000e+00,2.000000000000000000e+00,3.000000000000000000e+00,1.000000000000000000e+00,1.738396624472573926e+00,1.608510638297872442e+00,4.962318840579710510e+00,2.779166666666666785e+00,3.000000000000000000e+00,4.000000000000000000e+01,5.700000000000000178e+00,2.045977011494252817e+00,2.948120300751879697e+00,1.000000000000000000e+00,4.000000000000000000e+02,0.000000000000000000e+00,0.000000000000000000e+00,2.000000000000000000e+00
1.000000000000000000e+00,1.000000000000000000e+00,5.275240000000000000e+05,3.813444816053511488e+01,1.000000000000000000e+02,3.052188552188552251e+01,3.000000000000000000e+00,1.961403508771929927e+00,4.000000000000000000e+00,2.000000000000000000e+00,5.000000000000000000e+00,4.000000000000000000e+00,2.224422442244224474e+00,2.000000000000000000e+00,1.608510638297872442e+00,4.962318840579710510e+00,2.000000000000000000e+00,3.715555555555555500e+00,5.900000000000000000e+01,6.299999999999999822e+00,2.045977011494252817e+00,2.948120300751879697e+00,2.000000000000000000e+00,4.205000000000000000e+03,0.000000000000000000e+00,0.000000000000000000e+00,2.000000000000000000e+00
1.000000000000000000e+00,9.000000000000000000e+00,5.287179000000000000e+06,3.810000000000000142e+01,1.360000000000000000e+02,4.800000000000000000e+01,3.000000000000000000e+00,3.000000000000000000e+00,3.000000000000000000e+00,1.000000000000000000e+00,5.000000000000000000e+00,1.000000000000000000e+00,3.000000000000000000e+00,2.000000000000000000e+00,2.000000000000000000e+00,4.400000000000000355e+00,2.000000000000000000e+00,3.715555555555555500e+00,3.300000000000000000e+01,4.900000000000000355e+00,2.000000000000000000e+00,2.899999999999999911e+00,2.000000000000000000e+00,2.205000000000000000e+03,0.000000000000000000e+00,0.000000000000000000e+00,1.000000000000000000e+00
1.000000000000000000e+00,1.000000000000000000e+00,5.306930000000000000e+05,3.813444816053511488e+01,7.075730994152046094e+01,3.052188552188552251e+01,3.000000000000000000e+00,3.000000000000000000e+00,3.000000000000000000e+00,2.000000000000000000e+00,5.000000000000000000e+00,3.000000000000000000e+00,3.000000000000000000e+00,3.000000000000000000e+00,2.000000000000000000e+00,4.962318840579710510e+00,4.000000000000000000e+00,5.000000000000000000e+00,4.600000000000000000e+01,5.900000000000000355e+00,2.045977011494252817e+00,2.948120300751879697e+00,2.000000000000000000e+00,3.025000000000000000e+03,0.000000000000000000e+00,0.000000000000000000e+00,2.000000000000000000e+00
1.000000000000000000e+00,1.000000000000000000e+00,5.343240000000000000e+05,3.800000000000000000e+01,4.800000000000000000e+01,3.052188552188552251e+01,1.000000000000000000e+00,1.000000000000000000e+00,1.000000000000000000e+00,1.000000000000000000e+00,1.000000000000000000e+00,2.000000000000000000e+00,4.000000000000000000e+00,2.000000000000000000e+00,2.000000000000000000e+00,4.962318840579710510e+00,4.000000000000000000e+00,5.000000000000000000e+00,4.565679758308156977e+01,2.477107692307692233e+01,2.045977011494252817e+00,2.948120300751879697e+00,1.000000000000000000e+00,3.111000000000000000e+03,0.000000000000000000e+00,0.000000000000000000e+00,2.000000000000000000e+00
2.000000000000000000e+00,1.000000000000000000e+00,5.323490000000000000e+05,3.800000000000000000e+01,5.600000000000000000e+01,3.052188552188552251e+01,1.000000000000000000e+00,2.000000000000000000e+00,3.000000000000000000e+00,1.000000000000000000e+00,1.000000000000000000e+00,1.000000000000000000e+00,1.000000000000000000e+00,1.000000000000000000e+00,1.000000000000000000e+00,4.962318840579710510e+00,1.000000000000000000e+00,1.000000000000000000e+00,4.200000000000000000e+01,7.100000000000000000e+01,2.045977011494252817e+00,2.948120300751879697e+00,1.000000000000000000e+00,0.000000000000000000e+00,0.000000000000000000e+00,0.000000000000000000e+00,2.000000000000000000e+00
2.000000000000000000e+00,1.000000000000000000e+00,5.344910000000000000e+05,3.800000000000000000e+01,6.000000000000000000e+01,3.200000000000000000e+01,1.000000000000000000e+00,1.000000000000000000e+00,2.834375000000000089e+00,1.000000000000000000e+00,3.000000000000000000e+00,3.000000000000000000e+00,2.224422442244224474e+00,1.000000000000000000e+00,1.000000000000000000e+00,4.962318840579710510e+00,2.779166666666666785e+00,3.715555555555555500e+00,5.000000000000000000e+01,7.000000000000000000e+00,1.000000000000000000e+00,1.000000000000000000e+00,1.000000000000000000e+00,0.000000000000000000e+00,0.000000000000000000e+00,0.000000000000000000e+00,2.000000000000000000e+00
1.000000000000000000e+00,1.000000000000000000e+00,5.299600000000000000e+05,3.810000000000000142e+01,4.400000000000000000e+01,9.000000000000000000e+00,3.000000000000000000e+00,1.000000000000000000e+00,1.000000000000000000e+00,1.000000000000000000e+00,2.000000000000000000e+00,2.000000000000000000e+00,1.000000000000000000e+00,1.000000000000000000e+00,1.000000000000000000e+00,4.962318840579710510e+00,4.000000000000000000e+00,5.000000000000000000e+00,3.100000000000000000e+01,7.299999999999999822e+00,2.045977011494252817e+00,2.948120300751879697e+00,1.000000000000000000e+00,5.124000000000000000e+03,0.000000000000000000e+00,0.000000000000000000e+00,2.000000000000000000e+00
2.000000000000000000e+00,1.000000000000000000e+00,5.229790000000000000e+05,3.600000000000000000e+01,4.200000000000000000e+01,3.000000000000000000e+01,2.356435643564356308e+00,1.961403508771929927e+00,5.000000000000000000e+00,1.000000000000000000e+00,2.908196721311475219e+00,2.908227848101265778e+00,2.224422442244224474e+00,1.738396624472573926e+00,1.608510638297872442e+00,4.962318840579710510e+00,2.779166666666666785e+00,3.715555555555555500e+00,6.400000000000000000e+01,6.799999999999999822e+00,2.045977011494252817e+00,2.948120300751879697e+00,2.000000000000000000e+00,1.400000000000000000e+03,0.000000000000000000e+00,0.000000000000000000e+00,2.000000000000000000e+00
1.000000000000000000e+00,1.000000000000000000e+00,5.304020000000000000e+05,3.813444816053511488e+01,1.200000000000000000e+02,3.052188552188552251e+01,4.000000000000000000e+00,3.000000000000000000e+00,6.000000000000000000e+00,2.000000000000000000e+00,5.000000000000000000e+00,4.000000000000000000e+00,4.000000000000000000e+00,1.738396624472573926e+00,1.608510638297872442e+00,4.962318840579710510e+00,4.000000000000000000e+00,5.000000000000000000e+00,5.700000000000000000e+01,4.500000000000000000e+00,3.000000000000000000e+00,3.899999999999999911e+00,2.000000000000000000e+00,3.205000000000000000e+03,0.000000000000000000e+00,0.000000000000000000e+00,1.000000000000000000e+00
1.000000000000000000e+00,1.000000000000000000e+00,5.294240000000000000e+05,3.779999999999999716e+01,4.800000000000000000e+01,2.800000000000000000e+01,1.000000000000000000e+00,1.000000000000000000e+00,1.000000000000000000e+00,2.000000000000000000e+00,1.000000000000000000e+00,2.000000000000000000e+00,1.000000000000000000e+00,2.000000000000000000e+00,1.608510638297872442e+00,4.962318840579710510e+00,1.000000000000000000e+00,1.000000000000000000e+00,4.600000000000000000e+01,5.900000000000000355e+00,2.000000000000000000e+00,7.000000000000000000e+00,1.000000000000000000e+00,0.000000000000000000e+00,0.000000000000000000e+00,0.000000000000000000e+00,1.000000000000000000e+00
1.000000000000000000e+00,1.000000000000000000e+00,5.345190000000000000e+05,3.710000000000000142e+01,8.400000000000000000e+01,4.000000000000000000e+01,3.000000000000000000e+00,3.000000000000000000e+00,6.000000000000000000e+00,1.000000000000000000e+00,2.000000000000000000e+00,4.000000000000000000e+00,4.000000000000000000e+00,3.000000000000000000e+00,2.000000000000000000e+00,2.000000000000000000e+00,4.000000000000000000e+00,5.000000000000000000e+00,7.500000000000000000e+01,8.100000000000000000e+01,2.045977011494252817e+00,2.948120300751879697e+00,3.000000000000000000e+00,1.400000000000000000e+03,0.000000000000000000e+00,0.000000000000000000e+00,2.000000000000000000e+00
2.000000000000000000e+00,1.000000000000000000e+00,5.352460000000000000e+05,3.813444816053511488e+01,8.000000000000000000e+01,3.200000000000000000e+01,3.000000000000000000e+00,3.000000000000000000e+00,2.000000000000000000e+00,1.000000000000000000e+00,2.000000000000000000e+00,3.000000000000000000e+00,3.000000000000000000e+00,2.000000000000000000e+00,1.000000000000000000e+00,4.962318840579710510e+00,3.000000000000000000e+00,3.715555555555555500e+00,5.000000000000000000e+01,8.000000000000000000e+01,2.045977011494252817e+00,2.948120300751879697e+00,1.000000000000000000e+00,0.000000000000000000e+00,0.000000000000000000e+00,0.000000000000000000e+00,2.000000000000000000e+00
1.000000000000000000e+00,1.000000000000000000e+00,5.341150000000000000e+05,3.820000000000000284e+01,4.800000000000000000e+01,3.052188552188552251e+01,1.000000000000000000e+00,3.000000000000000000e+00,3.000000000000000000e+00,1.000000000000000000e+00,3.000000000000000000e+00,4.000000000000000000e+00,4.000000000000000000e+00,1.000000000000000000e+00,3.000000000000000000e+00,2.000000000000000000e+00,4.000000000000000000e+00,5.000000000000000000e+00,4.200000000000000000e+01,7.100000000000000000e+01,2.045977011494252817e+00,2.948120300751879697e+00,1.000000000000000000e+00,3.111000000000000000e+03,0.000000000000000000e+00,0.000000000000000000e+00,2.000000000000000000e+00
2.000000000000000000e+00,1.000000000000000000e+00,5.300010000000000000e+05,3.800000000000000000e+01,4.400000000000000000e+01,1.200000000000000000e+01,2.000000000000000000e+00,1.000000000000000000e+00,3.000000000000000000e+00,1.000000000000000000e+00,3.000000000000000000e+00,4.000000000000000000e+00,3.000000000000000000e+00,1.000000000000000000e+00,2.000000000000000000e+00,6.500000000000000000e+00,1.000000000000000000e+00,4.000000000000000000e+00,3.300000000000000000e+01,6.500000000000000000e+00,2.045977011494252817e+00,2.948120300751879697e+00,2.000000000000000000e+00,2.209000000000000000e+03,0.000000000000000000e+00,0.000000000000000000e+00,2.000000000000000000e+00
1.000000000000000000e+00,1.000000000000000000e+00,5.292720000000000000e+05,3.829999999999999716e+01,1.320000000000000000e+02,3.052188552188552251e+01,2.356435643564356308e+00,3.000000000000000000e+00,6.000000000000000000e+00,2.000000000000000000e+00,2.000000000000000000e+00,4.000000000000000000e+00,2.000000000000000000e+00,2.000000000000000000e+00,3.000000000000000000e+00,6.200000000000000178e+00,4.000000000000000000e+00,4.000000000000000000e+00,5.700000000000000000e+01,8.000000000000000000e+00,2.045977011494252817e+00,5.200000000000000178e+00,1.000000000000000000e+00,2.112000000000000000e+03,0.000000000000000000e+00,0.000000000000000000e+00,1.000000000000000000e+00
2.000000000000000000e+00,1.000000000000000000e+00,5.353140000000000000e+05,3.870000000000000284e+01,4.800000000000000000e+01,2.400000000000000000e+01,2.356435643564356308e+00,1.961403508771929927e+00,2.834375000000000089e+00,1.303030303030302983e+00,1.000000000000000000e+00,1.000000000000000000e+00,2.224422442244224474e+00,1.000000000000000000e+00,1.000000000000000000e+00,4.962318840579710510e+00,1.000000000000000000e+00,3.715555555555555500e+00,3.400000000000000000e+01,6.300000000000000000e+01,2.045977011494252817e+00,2.948120300751879697e+00,1.000000000000000000e+00,0.000000000000000000e+00,0.000000000000000000e+00,0.000000000000000000e+00,2.000000000000000000e+00
2.000000000000000000e+00,1.000000000000000000e+00,5.337930000000000000e+05,3.889999999999999858e+01,4.400000000000000000e+01,1.400000000000000000e+01,3.000000000000000000e+00,1.000000000000000000e+00,1.000000000000000000e+00,1.000000000000000000e+00,2.000000000000000000e+00,3.000000000000000000e+00,2.000000000000000000e+00,1.738396624472573926e+00,1.608510638297872442e+00,4.962318840579710510e+00,2.779166666666666785e+00,2.000000000000000000e+00,3.300000000000000000e+01,6.400000000000000000e+01,2.045977011494252817e+00,2.948120300751879697e+00,1.000000000000000000e+00,0.000000000000000000e+00,0.000000000000000000e+00,0.000000000000000000e+00,2.000000000000000000e+00
1.000000000000000000e+00,1.000000000000000000e+00,5.293990000000000000e+05,3.929999999999999716e+01,7.075730994152046094e+01,3.052188552188552251e+01,4.000000000000000000e+00,3.000000000000000000e+00,6.000000000000000000e+00,2.000000000000000000e+00,4.000000000000000000e+00,4.000000000000000000e+00,2.000000000000000000e+00,1.000000000000000000e+00,3.000000000000000000e+00,4.000000000000000000e+00,4.000000000000000000e+00,4.000000000000000000e+00,7.500000000000000000e+01,2.477107692307692233e+01,3.000000000000000000e+00,4.299999999999999822e+00,2.000000000000000000e+00,2.207000000000000000e+03,0.000000000000000000e+00,0.000000000000000000e+00,1.000000000000000000e+00
1.000000000000000000e+00,1.000000000000000000e+00,5.338360000000000000e+05,3.813444816053511488e+01,1.000000000000000000e+02,3.052188552188552251e+01,3.000000000000000000e+00,3.000000000000000000e+00,4.000000000000000000e+00,2.000000000000000000e+00,2.908196721311475219e+00,4.000000000000000000e+00,4.000000000000000000e+00,2.000000000000000000e+00,1.000000000000000000e+00,2.000000000000000000e+00,2.779166666666666785e+00,3.715555555555555500e+00,6.800000000000000000e+01,6.400000000000000000e+01,3.000000000000000000e+00,2.000000000000000000e+00,1.000000000000000000e+00,2.209000000000000000e+03,0.000000000000000000e+00,0.000000000000000000e+00,2.000000000000000000e+00
2.000000000000000000e+00,1.000000000000000000e+00,5.288040000000000000e+05,3.860000000000000142e+01,4.800000000000000000e+01,2.000000000000000000e+01,3.000000000000000000e+00,1.000000000000000000e+00,1.000000000000000000e+00,1.000000000000000000e+00,1.000000000000000000e+00,3.000000000000000000e+00,2.000000000000000000e+00,2.000000000000000000e+00,1.000000000000000000e+00,4.962318840579710510e+00,3.000000000000000000e+00,2.000000000000000000e+00,5.000000000000000000e+01,7.299999999999999822e+00,1.000000000000000000e+00,2.948120300751879697e+00,1.000000000000000000e+00,3.111000000000000000e+03,0.000000000000000000e+00,0.000000000000000000e+00,1.000000000000000000e+00
2.000000000000000000e+00,1.000000000000000000e+00,5.351630000000000000e+05,3.879999999999999716e+01,4.800000000000000000e+01,4.000000000000000000e+01,1.000000000000000000e+00,1.000000000000000000e+00,3.000000000000000000e+00,1.000000000000000000e+00,3.000000000000000000e+00,3.000000000000000000e+00,4.000000000000000000e+00,2.000000000000000000e+00,1.608510638297872442e+00,4.962318840579710510e+00,2.779166666666666785e+00,5.000000000000000000e+00,4.100000000000000000e+01,6.500000000000000000e+01,2.045977011494252817e+00,2.948120300751879697e+00,1.000000000000000000e+00,4.124000000000000000e+03,0.000000000000000000e+00,0.000000000000000000e+00,2.000000000000000000e+00
2.000000000000000000e+00,1.000000000000000000e+00,5.282470000000000000e+05,3.800000000000000000e+01,4.800000000000000000e+01,2.000000000000000000e+01,3.000000000000000000e+00,3.000000000000000000e+00,4.000000000000000000e+00,1.000000000000000000e+00,1.000000000000000000e+00,4.000000000000000000e+00,2.000000000000000000e+00,2.000000000000000000e+00,1.608510638297872442e+00,5.000000000000000000e+00,2.779166666666666785e+00,2.000000000000000000e+00,4.900000000000000000e+01,8.300000000000000711e+00,1.000000000000000000e+00,2.948120300751879697e+00,1.000000000000000000e+00,4.000000000000000000e+02,0.000000000000000000e+00,0.000000000000000000e+00,1.000000000000000000e+00
2.000000000000000000e+00,1.000000000000000000e+00,5.289960000000000000e+05,3.860000000000000142e+01,5.200000000000000000e+01,2.000000000000000000e+01,1.000000000000000000e+00,1.000000000000000000e+00,1.000000000000000000e+00,1.000000000000000000e+00,3.000000000000000000e+00,3.000000000000000000e+00,2.000000000000000000e+00,1.000000000000000000e+00,1.000000000000000000e+00,4.962318840579710510e+00,1.000000000000000000e+00,3.000000000000000000e+00,3.600000000000000000e+01,6.599999999999999645e+00,1.000000000000000000e+00,5.000000000000000000e+00,1.000000000000000000e+00,0.000000000000000000e+00,0.000000000000000000e+00,0.000000000000000000e+00,1.000000000000000000e+00
1.000000000000000000e+00,1.000000000000000000e+00,5.339280000000000000e+05,3.779999999999999716e+01,6.000000000000000000e+01,2.400000000000000000e+01,1.000000000000000000e+00,1.961403508771929927e+00,3.000000000000000000e+00,2.000000000000000000e+00,2.908196721311475219e+00,4.000000000000000000e+00,4.000000000000000000e+00,2.000000000000000000e+00,3.000000000000000000e+00,2.000000000000000000e+00,2.779166666666666785e+00,5.000000000000000000e+00,5.200000000000000000e+01,7.500000000000000000e+01,2.045977011494252817e+00,2.948120300751879697e+00,3.000000000000000000e+00,2.205000000000000000e+03,0.000000000000000000e+00,0.000000000000000000e+00,2.000000000000000000e+00
2.000000000000000000e+00,1.000000000000000000e+00,5.282480000000000000e+05,3.800000000000000000e+01,4.200000000000000000e+01,4.000000000000000000e+01,3.000000000000000000e+00,1.000000000000000000e+00,1.000000000000000000e+00,1.000000000000000000e+00,3.000000000000000000e+00,3.000000000000000000e+00,1.000000000000000000e+00,1.738396624472573926e+00,1.608510638297872442e+00,4.962318840579710510e+00,2.779166666666666785e+00,3.715555555555555500e+00,4.565679758308156977e+01,2.477107692307692233e+01,2.045977011494252817e+00,2.948120300751879697e+00,1.000000000000000000e+00,3.111000000000000000e+03,0.000000000000000000e+00,0.000000000000000000e+00,2.000000000000000000e+00
2.000000000000000000e+00,1.000000000000000000e+00,5.281340000000000000e+05,3.813444816053511488e+01,7.075730994152046094e+01,1.200000000000000000e+01,1.000000000000000000e+00,1.000000000000000000e+00,2.000000000000000000e+00,1.000000000000000000e+00,2.000000000000000000e+00,1.000000000000000000e+00,2.000000000000000000e+00,3.000000000000000000e+00,1.000000000000000000e+00,4.962318840579710510e+00,1.000000000000000000e+00,3.000000000000000000e+00,4.400000000000000000e+01,7.500000000000000000e+00,2.000000000000000000e+00,2.948120300751879697e+00,1.000000000000000000e+00,0.000000000000000000e+00,0.000000000000000000e+00,0.000000000000000000e+00,1.000000000000000000e+00
1.000000000000000000e+00,1.000000000000000000e+00,5.279160000000000000e+05,3.813444816053511488e+01,7.075730994152046094e+01,3.052188552188552251e+01,2.356435643564356308e+00,1.961403508771929927e+00,2.834375000000000089e+00,1.303030303030302983e+00,4.000000000000000000e+00,2.908227848101265778e+00,2.224422442244224474e+00,1.000000000000000000e+00,1.000000000000000000e+00,4.962318840579710510e+00,2.779166666666666785e+00,5.000000000000000000e+00,3.500000000000000000e+01,5.800000000000000000e+01,2.000000000000000000e+00,1.000000000000000000e+00,1.000000000000000000e+00,4.205000000000000000e+03,0.000000000000000000e+00,0.000000000000000000e+00,2.000000000000000000e+00
1.000000000000000000e+00,1.000000000000000000e+00,5.304310000000000000e+05,3.829999999999999716e+01,4.200000000000000000e+01,2.400000000000000000e+01,2.356435643564356308e+00,1.961403508771929927e+00,2.834375000000000089e+00,1.000000000000000000e+00,2.908196721311475219e+00,2.908227848101265778e+00,2.224422442244224474e+00,1.738396624472573926e+00,1.608510638297872442e+00,4.962318840579710510e+00,2.779166666666666785e+00,3.715555555555555500e+00,4.000000000000000000e+01,8.500000000000000000e+00,2.045977011494252817e+00,2.948120300751879697e+00,2.000000000000000000e+00,7.113000000000000000e+03,0.000000000000000000e+00,0.000000000000000000e+00,2.000000000000000000e+00
2.000000000000000000e+00,1.000000000000000000e+00,5.351760000000000000e+05,3.950000000000000000e+01,6.000000000000000000e+01,1.000000000000000000e+01,3.000000000000000000e+00,1.961403508771929927e+00,2.834375000000000089e+00,2.000000000000000000e+00,3.000000000000000000e+00,3.000000000000000000e+00,2.000000000000000000e+00,2.000000000000000000e+00,1.000000000000000000e+00,4.962318840579710510e+00,3.000000000000000000e+00,3.715555555555555500e+00,3.800000000000000000e+01,5.600000000000000000e+01,1.000000000000000000e+00,2.948120300751879697e+00,1.000000000000000000e+00,0.000000000000000000e+00,0.000000000000000000e+00,0.000000000000000000e+00,2.000000000000000000e+00
1.000000000000000000e+00,1.000000000000000000e+00,5.339420000000000000e+05,3.800000000000000000e+01,6.600000000000000000e+01,2.000000000000000000e+01,1.000000000000000000e+00,3.000000000000000000e+00,3.000000000000000000e+00,1.000000000000000000e+00,5.000000000000000000e+00,3.000000000000000000e+00,1.000000000000000000e+00,1.000000000000000000e+00,1.000000000000000000e+00,4.962318840579710510e+00,3.000000000000000000e+00,3.715555555555555500e+00,4.600000000000000000e+01,4.600000000000000000e+01,3.000000000000000000e+00,2.000000000000000000e+00,3.000000000000000000e+00,6.209000000000000000e+03,0.000000000000000000e+00,0.000000000000000000e+00,2.000000000000000000e+00
1.000000000000000000e+00,1.000000000000000000e+00,5.285230000000000000e+05,3.870000000000000284e+01,7.600000000000000000e+01,3.052188552188552251e+01,1.000000000000000000e+00,1.000000000000000000e+00,5.000000000000000000e+00,2.000000000000000000e+00,3.000000000000000000e+00,3.000000000000000000e+00,2.000000000000000000e+00,2.000000000000000000e+00,2.000000000000000000e+00,4.962318840579710510e+00,4.000000000000000000e+00,4.000000000000000000e+00,5.000000000000000000e+01,8.000000000000000000e+00,2.045977011494252817e+00,2.948120300751879697e+00,1.000000000000000000e+00,2.208000000000000000e+03,0.000000000000000000e+00,0.000000000000000000e+00,1.000000000000000000e+00
1.000000000000000000e+00,1.000000000000000000e+00,5.349250000000000000e+05,3.939999999999999858e+01,1.200000000000000000e+02,4.800000000000000000e+01,2.356435643564356308e+00,1.961403508771929927e+00,5.000000000000000000e+00,1.000000000000000000e+00,2.908196721311475219e+00,3.000000000000000000e+00,3.000000000000000000e+00,1.000000000000000000e+00,1.608510638297872442e+00,4.962318840579710510e+00,4.000000000000000000e+00,3.715555555555555500e+00,5.600000000000000000e+01,6.400000000000000000e+01,1.000000000000000000e+00,2.000000000000000000e+00,3.000000000000000000e+00,1.400000000000000000e+03,0.000000000000000000e+00,0.000000000000000000e+00,2.000000000000000000e+00
1.000000000000000000e+00,1.000000000000000000e+00,5.279160000000000000e+05,3.829999999999999716e+01,4.000000000000000000e+01,1.800000000000000000e+01,1.000000000000000000e+00,1.000000000000000000e+00,1.000000000000000000e+00,1.000000000000000000e+00,3.000000000000000000e+00,1.000000000000000000e+00,1.000000000000000000e+00,1.738396624472573926e+00,1.608510638297872442e+00,4.962318840579710510e+00,2.000000000000000000e+00,1.000000000000000000e+00,4.300000000000000000e+01,5.900000000000000355e+00,1.000000000000000000e+00,2.948120300751879697e+00,1.000000000000000000e+00,0.000000000000000000e+00,0.000000000000000000e+00,0.000000000000000000e+00,1.000000000000000000e+00
2.000000000000000000e+00,1.000000000000000000e+00,5.282990000000000000e+05,3.813444816053511488e+01,4.400000000000000000e+01,2.400000000000000000e+01,1.000000000000000000e+00,1.000000000000000000e+00,1.000000000000000000e+00,1.000000000000000000e+00,3.000000000000000000e+00,3.000000000000000000e+00,1.000000000000000000e+00,2.000000000000000000e+00,1.000000000000000000e+00,4.962318840579710510e+00,2.779166666666666785e+00,1.000000000000000000e+00,4.565679758308156977e+01,6.299999999999999822e+00,2.045977011494252817e+00,2.948120300751879697e+00,1.000000000000000000e+00,3.111000000000000000e+03,0.000000000000000000e+00,0.000000000000000000e+00,2.000000000000000000e+00
1.000000000000000000e+00,1.000000000000000000e+00,5.302540000000000000e+05,3.839999999999999858e+01,1.040000000000000000e+02,4.000000000000000000e+01,1.000000000000000000e+00,1.000000000000000000e+00,3.000000000000000000e+00,1.000000000000000000e+00,2.000000000000000000e+00,4.000000000000000000e+00,2.000000000000000000e+00,2.000000000000000000e+00,3.000000000000000000e+00,6.500000000000000000e+00,2.779166666666666785e+00,4.000000000000000000e+00,5.500000000000000000e+01,8.500000000000000000e+00,2.045977011494252817e+00,2.948120300751879697e+00,1.000000000000000000e+00,2.124000000000000000e+03,0.000000000000000000e+00,0.000000000000000000e+00,2.000000000000000000e+00
1.000000000000000000e+00,1.000000000000000000e+00,5.350850000000000000e+05,3.813444816053511488e+01,6.500000000000000000e+01,2.400000000000000000e+01,2.356435643564356308e+00,1.961403508771929927e+00,2.834375000000000089e+00,2.000000000000000000e+00,5.000000000000000000e+00,2.908227848101265778e+00,4.000000000000000000e+00,3.000000000000000000e+00,1.000000000000000000e+00,4.962318840579710510e+00,2.779166666666666785e+00,5.000000000000000000e+00,4.565679758308156977e+01,2.477107692307692233e+01,2.045977011494252817e+00,2.948120300751879697e+00,3.000000000000000000e+00,3.205000000000000000e+03,0.000000000000000000e+00,0.000000000000000000e+00,2.000000000000000000e+00
2.000000000000000000e+00,1.000000000000000000e+00,5.329850000000000000e+05,3.750000000000000000e+01,4.400000000000000000e+01,2.000000000000000000e+01,1.000000000000000000e+00,1.000000000000000000e+00,3.000000000000000000e+00,1.000000000000000000e+00,2.908196721311475219e+00,1.000000000000000000e+00,1.000000000000000000e+00,1.738396624472573926e+00,1.608510638297872442e+00,4.962318840579710510e+00,1.000000000000000000e+00,3.715555555555555500e+00,3.500000000000000000e+01,7.200000000000000178e+00,2.045977011494252817e+00,2.948120300751879697e+00,1.000000000000000000e+00,0.000000000000000000e+00,0.000000000000000000e+00,0.000000000000000000e+00,2.000000000000000000e+00
2.000000000000000000e+00,1.000000000000000000e+00,5.276770000000000000e+05,3.900000000000000000e+01,8.600000000000000000e+01,1.600000000000000000e+01,3.000000000000000000e+00,3.000000000000000000e+00,5.000000000000000000e+00,1.303030303030302983e+00,3.000000000000000000e+00,3.000000000000000000e+00,3.000000000000000000e+00,1.738396624472573926e+00,2.000000000000000000e+00,4.962318840579710510e+00,2.779166666666666785e+00,3.715555555555555500e+00,6.800000000000000000e+01,5.799999999999999822e+00,3.000000000000000000e+00,6.000000000000000000e+00,2.000000000000000000e+00,5.400000000000000000e+03,0.000000000000000000e+00,0.000000000000000000e+00,1.000000000000000000e+00
1.000000000000000000e+00,1.000000000000000000e+00,5.352920000000000000e+05,3.850000000000000000e+01,1.290000000000000000e+02,4.800000000000000000e+01,3.000000000000000000e+00,3.000000000000000000e+00,3.000000000000000000e+00,1.000000000000000000e+00,2.000000000000000000e+00,4.000000000000000000e+00,3.000000000000000000e+00,1.000000000000000000e+00,3.000000000000000000e+00,2.000000000000000000e+00,2.779166666666666785e+00,3.715555555555555500e+00,5.700000000000000000e+01,6.600000000000000000e+01,3.000000000000000000e+00,2.000000000000000000e+00,1.000000000000000000e+00,2.206000000000000000e+03,0.000000000000000000e+00,0.000000000000000000e+00,2.000000000000000000e+00
1.000000000000000000e+00,1.000000000000000000e+00,5.297290000000000000e+05,3.813444816053511488e+01,1.040000000000000000e+02,3.052188552188552251e+01,3.000000000000000000e+00,3.000000000000000000e+00,5.000000000000000000e+00,2.000000000000000000e+00,2.000000000000000000e+00,4.000000000000000000e+00,3.000000000000000000e+00,1.738396624472573926e+00,3.000000000000000000e+00,4.962318840579710510e+00,4.000000000000000000e+00,4.000000000000000000e+00,6.900000000000000000e+01,8.599999999999999645e+00,2.000000000000000000e+00,3.399999999999999911e+00,2.000000000000000000e+00,2.207000000000000000e+03,0.000000000000000000e+00,0.000000000000000000e+00,1.000000000000000000e+00
2.000000000000000000e+00,1.000000000000000000e+00,5.184760000000000000e+05,3.813444816053511488e+01,7.075730994152046094e+01,3.052188552188552251e+01,3.000000000000000000e+00,4.000000000000000000e+00,6.000000000000000000e+00,1.303030303030302983e+00,4.000000000000000000e+00,2.908227848101265778e+00,4.000000000000000000e+00,1.738396624472573926e+00,1.608510638297872442e+00,4.962318840579710510e+00,2.779166666666666785e+00,3.715555555555555500e+00,4.565679758308156977e+01,2.477107692307692233e+01,2.045977011494252817e+00,2.948120300751879697e+00,2.000000000000000000e+00,3.400000000000000000e+03,0.000000000000000000e+00,0.000000000000000000e+00,1.000000000000000000e+00
1.000000000000000000e+00,1.000000000000000000e+00,5.279290000000000000e+05,3.813444816053511488e+01,7.075730994152046094e+01,3.052188552188552251e+01,2.356435643564356308e+00,1.961403508771929927e+00,2.834375000000000089e+00,1.303030303030302983e+00,2.908196721311475219e+00,2.908227848101265778e+00,2.224422442244224474e+00,1.738396624472573926e+00,1.608510638297872442e+00,4.962318840579710510e+00,2.779166666666666785e+00,3.715555555555555500e+00,4.565679758308156977e+01,2.477107692307692233e+01,2.045977011494252817e+00,2.948120300751879697e+00,1.000000000000000000e+00,2.208000000000000000e+03,0.000000000000000000e+00,0.000000000000000000e+00,2.000000000000000000e+00
1.000000000000000000e+00,1.000000000000000000e+00,5.351300000000000000e+05,3.820000000000000284e+01,6.000000000000000000e+01,3.000000000000000000e+01,1.000000000000000000e+00,1.000000000000000000e+00,3.000000000000000000e+00,1.000000000000000000e+00,3.000000000000000000e+00,3.000000000000000000e+00,1.000000000000000000e+00,2.000000000000000000e+00,1.000000000000000000e+00,4.962318840579710510e+00,3.000000000000000000e+00,2.000000000000000000e+00,4.800000000000000000e+01,6.600000000000000000e+01,2.045977011494252817e+00,2.948120300751879697e+00,1.000000000000000000e+00,6.112000000000000000e+03,0.000000000000000000e+00,0.000000000000000000e+00,2.000000000000000000e+00
1.000000000000000000e+00,1.000000000000000000e+00,5.231900000000000000e+05,3.813444816053511488e+01,6.800000000000000000e+01,1.400000000000000000e+01,2.356435643564356308e+00,1.961403508771929927e+00,4.000000000000000000e+00,1.000000000000000000e+00,4.000000000000000000e+00,2.908227848101265778e+00,2.224422442244224474e+00,1.738396624472573926e+00,1.000000000000000000e+00,4.299999999999999822e+00,2.779166666666666785e+00,3.715555555555555500e+00,4.565679758308156977e+01,2.477107692307692233e+01,2.000000000000000000e+00,2.799999999999999822e+00,2.000000000000000000e+00,4.205000000000000000e+03,0.000000000000000000e+00,0.000000000000000000e+00,1.000000000000000000e+00
1.000000000000000000e+00,1.000000000000000000e+00,5.339680000000000000e+05,3.813444816053511488e+01,6.000000000000000000e+01,3.000000000000000000e+01,3.000000000000000000e+00,3.000000000000000000e+00,4.000000000000000000e+00,2.000000000000000000e+00,5.000000000000000000e+00,4.000000000000000000e+00,4.000000000000000000e+00,1.000000000000000000e+00,1.000000000000000000e+00,4.962318840579710510e+00,4.000000000000000000e+00,3.715555555555555500e+00,4.500000000000000000e+01,7.000000000000000000e+01,3.000000000000000000e+00,2.000000000000000000e+00,1.000000000000000000e+00,6.111000000000000000e+03,3.111000000000000000e+03,0.000000000000000000e+00,2.000000000000000000e+00
2.000000000000000000e+00,1.000000000000000000e+00,5.281510000000000000e+05,3.850000000000000000e+01,1.000000000000000000e+02,3.052188552188552251e+01,3.000000000000000000e+00,3.000000000000000000e+00,5.000000000000000000e+00,2.000000000000000000e+00,4.000000000000000000e+00,3.000000000000000000e+00,4.000000000000000000e+00,2.000000000000000000e+00,1.000000000000000000e+00,4.962318840579710510e+00,4.000000000000000000e+00,5.000000000000000000e+00,4.565679758308156977e+01,2.477107692307692233e+01,2.045977011494252817e+00,2.948120300751879697e+00,3.000000000000000000e+00,1.111000000000000000e+03,0.000000000000000000e+00,0.000000000000000000e+00,1.000000000000000000e+00
1.000000000000000000e+00,1.000000000000000000e+00,5.302390000000000000e+05,3.839999999999999858e+01,8.400000000000000000e+01,3.000000000000000000e+01,3.000000000000000000e+00,1.000000000000000000e+00,5.000000000000000000e+00,2.000000000000000000e+00,4.000000000000000000e+00,3.000000000000000000e+00,3.000000000000000000e+00,2.000000000000000000e+00,3.000000000000000000e+00,6.500000000000000000e+00,4.000000000000000000e+00,4.000000000000000000e+00,4.700000000000000000e+01,7.500000000000000000e+00,3.000000000000000000e+00,2.948120300751879697e+00,2.000000000000000000e+00,2.300000000000000000e+03,0.000000000000000000e+00,0.000000000000000000e+00,2.000000000000000000e+00
2.000000000000000000e+00,1.000000000000000000e+00,5.283050000000000000e+05,3.779999999999999716e+01,4.800000000000000000e+01,1.400000000000000000e+01,2.356435643564356308e+00,1.961403508771929927e+00,1.000000000000000000e+00,1.000000000000000000e+00,3.000000000000000000e+00,2.908227848101265778e+00,2.000000000000000000e+00,1.000000000000000000e+00,3.000000000000000000e+00,5.299999999999999822e+00,1.000000000000000000e+00,3.715555555555555500e+00,3.500000000000000000e+01,7.500000000000000000e+00,2.045977011494252817e+00,2.948120300751879697e+00,1.000000000000000000e+00,3.111000000000000000e+03,0.000000000000000000e+00,0.000000000000000000e+00,1.000000000000000000e+00
1.000000000000000000e+00,1.000000000000000000e+00,5.279822000000000000e+06,3.800000000000000000e+01,7.075730994152046094e+01,2.400000000000000000e+01,3.000000000000000000e+00,3.000000000000000000e+00,6.000000000000000000e+00,2.000000000000000000e+00,5.000000000000000000e+00,2.908227848101265778e+00,4.000000000000000000e+00,1.000000000000000000e+00,1.000000000000000000e+00,4.962318840579710510e+00,2.779166666666666785e+00,3.715555555555555500e+00,6.800000000000000000e+01,7.799999999999999822e+00,2.045977011494252817e+00,2.948120300751879697e+00,2.000000000000000000e+00,2.205000000000000000e+03,0.000000000000000000e+00,0.000000000000000000e+00,2.000000000000000000e+00
2.000000000000000000e+00,1.000000000000000000e+00,5.348570000000000000e+05,3.779999999999999716e+01,5.600000000000000000e+01,1.600000000000000000e+01,1.000000000000000000e+00,1.000000000000000000e+00,2.000000000000000000e+00,1.000000000000000000e+00,2.000000000000000000e+00,1.000000000000000000e+00,1.000000000000000000e+00,2.000000000000000000e+00,1.000000000000000000e+00,4.962318840579710510e+00,1.000000000000000000e+00,3.715555555555555500e+00,4.400000000000000000e+01,6.800000000000000000e+01,1.000000000000000000e+00,1.000000000000000000e+00,1.000000000000000000e+00,0.000000000000000000e+00,0.000000000000000000e+00,0.000000000000000000e+00,2.000000000000000000e+00
2.000000000000000000e+00,1.000000000000000000e+00,5.340530000000000000e+05,3.820000000000000284e+01,6.800000000000000000e+01,3.200000000000000000e+01,2.000000000000000000e+00,2.000000000000000000e+00,2.000000000000000000e+00,1.000000000000000000e+00,1.000000000000000000e+00,1.000000000000000000e+00,1.000000000000000000e+00,3.000000000000000000e+00,1.000000000000000000e+00,4.962318840579710510e+00,1.000000000000000000e+00,1.000000000000000000e+00,4.300000000000000000e+01,6.500000000000000000e+01,2.045977011494252817e+00,2.948120300751879697e+00,1.000000000000000000e+00,0.000000000000000000e+00,0.000000000000000000e+00,0.000000000000000000e+00,2.000000000000000000e+00
1.000000000000000000e+00,1.000000000000000000e+00,5.348330000000000000e+05,3.850000000000000000e+01,1.200000000000000000e+02,6.000000000000000000e+01,4.000000000000000000e+00,3.000000000000000000e+00,6.000000000000000000e+00,2.000000000000000000e+00,2.908196721311475219e+00,3.000000000000000000e+00,2.224422442244224474e+00,1.738396624472573926e+00,1.608510638297872442e+00,4.962318840579710510e+00,2.779166666666666785e+00,3.715555555555555500e+00,5.400000000000000000e+01,2.477107692307692233e+01,2.045977011494252817e+00,2.948120300751879697e+00,1.000000000000000000e+00,5.400000000000000000e+03,0.000000000000000000e+00,0.000000000000000000e+00,2.000000000000000000e+00
1.000000000000000000e+00,1.000000000000000000e+00,5.278331000000000000e+06,3.929999999999999716e+01,6.400000000000000000e+01,9.000000000000000000e+01,2.000000000000000000e+00,3.000000000000000000e+00,1.000000000000000000e+00,1.000000000000000000e+00,2.908196721311475219e+00,3.000000000000000000e+00,1.000000000000000000e+00,1.000000000000000000e+00,2.000000000000000000e+00,4.962318840579710510e+00,2.779166666666666785e+00,3.715555555555555500e+00,3.900000000000000000e+01,6.700000000000000178e+00,2.045977011494252817e+00,2.948120300751879697e+00,1.000000000000000000e+00,2.111000000000000000e+04,0.000000000000000000e+00,0.000000000000000000e+00,2.000000000000000000e+00
1.000000000000000000e+00,1.000000000000000000e+00,5.273650000000000000e+05,3.839999999999999858e+01,8.000000000000000000e+01,3.000000000000000000e+01,4.000000000000000000e+00,3.000000000000000000e+00,1.000000000000000000e+00,1.000000000000000000e+00,3.000000000000000000e+00,3.000000000000000000e+00,3.000000000000000000e+00,3.000000000000000000e+00,3.000000000000000000e+00,4.962318840579710510e+00,4.000000000000000000e+00,5.000000000000000000e+00,3.200000000000000000e+01,6.099999999999999645e+00,3.000000000000000000e+00,4.299999999999999822e+00,1.000000000000000000e+00,7.209000000000000000e+03,0.000000000000000000e+00,0.000000000000000000e+00,1.000000000000000000e+00
1.000000000000000000e+00,1.000000000000000000e+00,5.338870000000000000e+05,3.850000000000000000e+01,6.000000000000000000e+01,3.052188552188552251e+01,1.000000000000000000e+00,1.000000000000000000e+00,2.834375000000000089e+00,1.000000000000000000e+00,2.908196721311475219e+00,1.000000000000000000e+00,1.000000000000000000e+00,1.738396624472573926e+00,1.608510638297872442e+00,4.962318840579710510e+00,2.779166666666666785e+00,3.715555555555555500e+00,3.300000000000000000e+01,5.300000000000000000e+01,1.000000000000000000e+00,2.948120300751879697e+00,1.000000000000000000e+00,4.111000000000000000e+03,0.000000000000000000e+00,0.000000000000000000e+00,2.000000000000000000e+00
1.000000000000000000e+00,1.000000000000000000e+00,5.299603000000000000e+06,3.829999999999999716e+01,6.000000000000000000e+01,1.600000000000000000e+01,3.000000000000000000e+00,1.000000000000000000e+00,1.000000000000000000e+00,1.000000000000000000e+00,2.000000000000000000e+00,1.000000000000000000e+00,1.000000000000000000e+00,2.000000000000000000e+00,2.000000000000000000e+00,3.000000000000000000e+00,1.000000000000000000e+00,4.000000000000000000e+00,3.000000000000000000e+01,6.000000000000000000e+00,1.000000000000000000e+00,3.000000000000000000e+00,1.000000000000000000e+00,3.111000000000000000e+04,0.000000000000000000e+00,0.000000000000000000e+00,2.000000000000000000e+00
1.000000000000000000e+00,1.000000000000000000e+00,5.287420000000000000e+05,3.710000000000000142e+01,4.000000000000000000e+01,8.000000000000000000e+00,2.356435643564356308e+00,1.000000000000000000e+00,4.000000000000000000e+00,1.000000000000000000e+00,3.000000000000000000e+00,3.000000000000000000e+00,1.000000000000000000e+00,1.000000000000000000e+00,1.000000000000000000e+00,4.962318840579710510e+00,3.000000000000000000e+00,3.000000000000000000e+00,2.300000000000000000e+01,6.700000000000000178e+00,3.000000000000000000e+00,2.948120300751879697e+00,1.000000000000000000e+00,3.133000000000000000e+03,0.000000000000000000e+00,0.000000000000000000e+00,1.000000000000000000e+00
2.000000000000000000e+00,9.000000000000000000e+00,5.287279000000000000e+06,3.813444816053511488e+01,1.000000000000000000e+02,4.400000000000000000e+01,2.000000000000000000e+00,1.000000000000000000e+00,1.000000000000000000e+00,1.000000000000000000e+00,4.000000000000000000e+00,1.000000000000000000e+00,1.000000000000000000e+00,1.738396624472573926e+00,1.608510638297872442e+00,4.962318840579710510e+00,1.000000000000000000e+00,3.715555555555555500e+00,3.700000000000000000e+01,4.700000000000000178e+00,2.045977011494252817e+00,2.948120300751879697e+00,1.000000000000000000e+00,7.111000000000000000e+03,0.000000000000000000e+00,0.000000000000000000e+00,2.000000000000000000e+00
1.000000000000000000e+00,1.000000000000000000e+00,5.347880000000000000e+05,3.820000000000000284e+01,4.800000000000000000e+01,1.800000000000000000e+01,1.000000000000000000e+00,1.000000000000000000e+00,1.000000000000000000e+00,1.000000000000000000e+00,3.000000000000000000e+00,3.000000000000000000e+00,3.000000000000000000e+00,1.000000000000000000e+00,2.000000000000000000e+00,4.962318840579710510e+00,4.000000000000000000e+00,3.715555555555555500e+00,4.800000000000000000e+01,7.400000000000000000e+01,1.000000000000000000e+00,2.000000000000000000e+00,1.000000000000000000e+00,5.111000000000000000e+03,0.000000000000000000e+00,0.000000000000000000e+00,2.000000000000000000e+00
1.000000000000000000e+00,1.000000000000000000e+00,5.293730000000000000e+05,3.813444816053511488e+01,6.000000000000000000e+01,4.800000000000000000e+01,3.000000000000000000e+00,3.000000000000000000e+00,4.000000000000000000e+00,2.000000000000000000e+00,4.000000000000000000e+00,3.000000000000000000e+00,4.000000000000000000e+00,1.738396624472573926e+00,1.608510638297872442e+00,4.962318840579710510e+00,2.779166666666666785e+00,3.715555555555555500e+00,5.800000000000000000e+01,7.599999999999999645e+00,2.045977011494252817e+00,2.948120300751879697e+00,2.000000000000000000e+00,3.205000000000000000e+03,0.000000000000000000e+00,0.000000000000000000e+00,2.000000000000000000e+00
2.000000000000000000e+00,1.000000000000000000e+00,5.341630000000000000e+05,3.789999999999999858e+01,8.800000000000000000e+01,2.400000000000000000e+01,1.000000000000000000e+00,1.000000000000000000e+00,2.000000000000000000e+00,1.000000000000000000e+00,2.000000000000000000e+00,2.000000000000000000e+00,1.000000000000000000e+00,1.738396624472573926e+00,1.608510638297872442e+00,4.962318840579710510e+00,4.000000000000000000e+00,1.000000000000000000e+00,3.700000000000000000e+01,5.600000000000000000e+01,2.045977011494252817e+00,2.948120300751879697e+00,1.000000000000000000e+00,0.000000000000000000e+00,0.000000000000000000e+00,0.000000000000000000e+00,2.000000000000000000e+00
2.000000000000000000e+00,1.000000000000000000e+00,5.336970000000000000e+05,3.800000000000000000e+01,4.400000000000000000e+01,1.200000000000000000e+01,3.000000000000000000e+00,1.000000000000000000e+00,1.000000000000000000e+00,1.303030303030302983e+00,2.908196721311475219e+00,1.000000000000000000e+00,2.000000000000000000e+00,1.738396624472573926e+00,1.608510638297872442e+00,4.962318840579710510e+00,1.000000000000000000e+00,3.715555555555555500e+00,4.200000000000000000e+01,6.400000000000000000e+01,2.045977011494252817e+00,2.948120300751879697e+00,1.000000000000000000e+00,0.000000000000000000e+00,0.000000000000000000e+00,0.000000000000000000e+00,2.000000000000000000e+00
2.000000000000000000e+00,1.000000000000000000e+00,5.296280000000000000e+05,3.850000000000000000e+01,6.000000000000000000e+01,2.000000000000000000e+01,1.000000000000000000e+00,1.000000000000000000e+00,5.000000000000000000e+00,2.000000000000000000e+00,2.000000000000000000e+00,2.000000000000000000e+00,1.000000000000000000e+00,2.000000000000000000e+00,1.000000000000000000e+00,4.962318840579710510e+00,2.000000000000000000e+00,3.000000000000000000e+00,6.300000000000000000e+01,7.500000000000000000e+00,2.000000000000000000e+00,2.299999999999999822e+00,3.000000000000000000e+00,3.000000000000000000e+02,0.000000000000000000e+00,0.000000000000000000e+00,1.000000000000000000e+00
2.000000000000000000e+00,1.000000000000000000e+00,5.213990000000000000e+05,3.850000000000000000e+01,9.600000000000000000e+01,3.600000000000000000e+01,3.000000000000000000e+00,3.000000000000000000e+00,2.834375000000000089e+00,2.000000000000000000e+00,2.000000000000000000e+00,4.000000000000000000e+00,2.000000000000000000e+00,1.000000000000000000e+00,2.000000000000000000e+00,4.962318840579710510e+00,4.000000000000000000e+00,5.000000000000000000e+00,7.000000000000000000e+01,8.500000000000000000e+00,2.045977011494252817e+00,2.948120300751879697e+00,2.000000000000000000e+00,1.400000000000000000e+03,0.000000000000000000e+00,0.000000000000000000e+00,1.000000000000000000e+00
2.000000000000000000e+00,1.000000000000000000e+00,5.338850000000000000e+05,3.829999999999999716e+01,6.000000000000000000e+01,2.000000000000000000e+01,1.000000000000000000e+00,1.000000000000000000e+00,1.000000000000000000e+00,2.000000000000000000e+00,1.000000000000000000e+00,3.000000000000000000e+00,1.000000000000000000e+00,1.738396624472573926e+00,1.608510638297872442e+00,4.962318840579710510e+00,3.000000000000000000e+00,3.715555555555555500e+00,3.400000000000000000e+01,6.600000000000000000e+01,2.045977011494252817e+00,2.948120300751879697e+00,1.000000000000000000e+00,0.000000000000000000e+00,0.000000000000000000e+00,0.000000000000000000e+00,2.000000000000000000e+00
2.000000000000000000e+00,1.000000000000000000e+00,5.341570000000000000e+05,3.850000000000000000e+01,6.000000000000000000e+01,4.000000000000000000e+01,3.000000000000000000e+00,1.000000000000000000e+00,2.000000000000000000e+00,1.000000000000000000e+00,2.000000000000000000e+00,1.000000000000000000e+00,2.000000000000000000e+00,1.738396624472573926e+00,1.608510638297872442e+00,4.962318840579710510e+00,3.000000000000000000e+00,2.000000000000000000e+00,4.900000000000000000e+01,5.900000000000000000e+01,2.045977011494252817e+00,2.948120300751879697e+00,1.000000000000000000e+00,0.000000000000000000e+00,0.000000000000000000e+00,0.000000000000000000e+00,2.000000000000000000e+00
1.000000000000000000e+00,1.000000000000000000e+00,5.280470000000000000e+05,3.729999999999999716e+01,4.800000000000000000e+01,1.200000000000000000e+01,1.000000000000000000e+00,1.961403508771929927e+00,3.000000000000000000e+00,1.000000000000000000e+00,3.000000000000000000e+00,1.000000000000000000e+00,3.000000000000000000e+00,2.000000000000000000e+00,1.000000000000000000e+00,4.962318840579710510e+00,3.000000000000000000e+00,3.000000000000000000e+00,4.000000000000000000e+01,6.599999999999999645e+00,2.000000000000000000e+00,2.948120300751879697e+00,1.000000000000000000e+00,3.205000000000000000e+03,0.000000000000000000e+00,0.000000000000000000e+00,1.000000000000000000e+00
1.000000000000000000e+00,1.000000000000000000e+00,5.286410000000000000e+05,3.850000000000000000e+01,8.600000000000000000e+01,3.052188552188552251e+01,1.000000000000000000e+00,1.000000000000000000e+00,3.000000000000000000e+00,1.000000000000000000e+00,4.000000000000000000e+00,4.000000000000000000e+00,3.000000000000000000e+00,2.000000000000000000e+00,1.000000000000000000e+00,4.962318840579710510e+00,3.000000000000000000e+00,5.000000000000000000e+00,4.500000000000000000e+01,7.400000000000000355e+00,1.000000000000000000e+00,3.399999999999999911e+00,2.000000000000000000e+00,3.209000000000000000e+03,0.000000000000000000e+00,0.000000000000000000e+00,1.000000000000000000e+00
1.000000000000000000e+00,1.000000000000000000e+00,5.340730000000000000e+05,3.750000000000000000e+01,4.800000000000000000e+01,4.000000000000000000e+01,2.356435643564356308e+00,1.961403508771929927e+00,2.834375000000000089e+00,1.303030303030302983e+00,2.908196721311475219e+00,2.908227848101265778e+00,2.224422442244224474e+00,1.000000000000000000e+00,1.000000000000000000e+00,4.962318840579710510e+00,2.779166666666666785e+00,5.000000000000000000e+00,4.100000000000000000e+01,5.500000000000000000e+01,3.000000000000000000e+00,2.000000000000000000e+00,3.000000000000000000e+00,2.208000000000000000e+03,0.000000000000000000e+00,0.000000000000000000e+00,2.000000000000000000e+00
2.000000000000000000e+00,1.000000000000000000e+00,5.296850000000000000e+05,3.720000000000000284e+01,3.600000000000000000e+01,9.000000000000000000e+00,1.000000000000000000e+00,1.000000000000000000e+00,1.000000000000000000e+00,1.000000000000000000e+00,2.000000000000000000e+00,3.000000000000000000e+00,1.000000000000000000e+00,2.000000000000000000e+00,1.000000000000000000e+00,4.962318840579710510e+00,4.000000000000000000e+00,1.000000000000000000e+00,3.500000000000000000e+01,5.700000000000000178e+00,2.045977011494252817e+00,2.948120300751879697e+00,1.000000000000000000e+00,3.111000000000000000e+04,0.000000000000000000e+00,0.000000000000000000e+00,2.000000000000000000e+00
1.000000000000000000e+00,1.000000000000000000e+00,5.295280000000000000e+05,3.920000000000000284e+01,7.075730994152046094e+01,2.300000000000000000e+01,3.000000000000000000e+00,1.000000000000000000e+00,3.000000000000000000e+00,1.000000000000000000e+00,4.000000000000000000e+00,4.000000000000000000e+00,2.000000000000000000e+00,2.000000000000000000e+00,1.608510638297872442e+00,4.962318840579710510e+00,2.779166666666666785e+00,3.715555555555555500e+00,3.600000000000000000e+01,6.599999999999999645e+00,1.000000000000000000e+00,3.000000000000000000e+00,1.000000000000000000e+00,3.115000000000000000e+03,0.000000000000000000e+00,0.000000000000000000e+00,1.000000000000000000e+00
2.000000000000000000e+00,1.000000000000000000e+00,5.281510000000000000e+05,3.850000000000000000e+01,1.000000000000000000e+02,3.052188552188552251e+01,3.000000000000000000e+00,3.000000000000000000e+00,5.000000000000000000e+00,2.000000000000000000e+00,4.000000000000000000e+00,3.000000000000000000e+00,4.000000000000000000e+00,2.000000000000000000e+00,1.000000000000000000e+00,4.962318840579710510e+00,4.000000000000000000e+00,5.000000000000000000e+00,4.565679758308156977e+01,2.477107692307692233e+01,2.045977011494252817e+00,2.948120300751879697e+00,3.000000000000000000e+00,4.124000000000000000e+03,0.000000000000000000e+00,0.000000000000000000e+00,2.000000000000000000e+00
1.000000000000000000e+00,1.000000000000000000e+00,5.351370000000000000e+05,3.850000000000000000e+01,9.600000000000000000e+01,3.000000000000000000e+01,2.000000000000000000e+00,3.000000000000000000e+00,4.000000000000000000e+00,2.000000000000000000e+00,4.000000000000000000e+00,4.000000000000000000e+00,3.000000000000000000e+00,2.000000000000000000e+00,1.000000000000000000e+00,4.962318840579710510e+00,3.000000000000000000e+00,5.000000000000000000e+00,5.000000000000000000e+01,6.500000000000000000e+01,2.045977011494252817e+00,2.948120300751879697e+00,1.000000000000000000e+00,6.111000000000000000e+03,3.112000000000000000e+03,0.000000000000000000e+00,2.000000000000000000e+00
1.000000000000000000e+00,1.000000000000000000e+00,5.302970000000000000e+05,3.813444816053511488e+01,7.075730994152046094e+01,3.052188552188552251e+01,2.356435643564356308e+00,1.961403508771929927e+00,2.834375000000000089e+00,1.303030303030302983e+00,2.908196721311475219e+00,2.908227848101265778e+00,2.224422442244224474e+00,1.738396624472573926e+00,1.608510638297872442e+00,4.962318840579710510e+00,2.779166666666666785e+00,3.715555555555555500e+00,4.500000000000000000e+01,8.699999999999999289e+00,2.045977011494252817e+00,2.948120300751879697e+00,2.000000000000000000e+00,2.208000000000000000e+03,0.000000000000000000e+00,0.000000000000000000e+00,2.000000000000000000e+00
1.000000000000000000e+00,1.000000000000000000e+00,5.353380000000000000e+05,3.779999999999999716e+01,8.800000000000000000e+01,8.000000000000000000e+01,3.000000000000000000e+00,3.000000000000000000e+00,5.000000000000000000e+00,2.000000000000000000e+00,2.908196721311475219e+00,3.000000000000000000e+00,3.000000000000000000e+00,2.000000000000000000e+00,3.000000000000000000e+00,4.962318840579710510e+00,4.000000000000000000e+00,5.000000000000000000e+00,6.400000000000000000e+01,8.900000000000000000e+01,2.045977011494252817e+00,2.948120300751879697e+00,3.000000000000000000e+00,3.205000000000000000e+03,0.000000000000000000e+00,0.000000000000000000e+00,2.000000000000000000e+00
2.000000000000000000e+00,1.000000000000000000e+00,5.344780000000000000e+05,3.750000000000000000e+01,4.400000000000000000e+01,1.000000000000000000e+01,3.000000000000000000e+00,1.000000000000000000e+00,1.000000000000000000e+00,1.000000000000000000e+00,3.000000000000000000e+00,1.000000000000000000e+00,2.000000000000000000e+00,2.000000000000000000e+00,1.608510638297872442e+00,4.962318840579710510e+00,3.000000000000000000e+00,3.000000000000000000e+00,4.300000000000000000e+01,5.100000000000000000e+01,1.000000000000000000e+00,1.000000000000000000e+00,1.000000000000000000e+00,0.000000000000000000e+00,0.000000000000000000e+00,0.000000000000000000e+00,2.000000000000000000e+00
1.000000000000000000e+00,1.000000000000000000e+00,5.304010000000000000e+05,3.789999999999999858e+01,6.800000000000000000e+01,2.000000000000000000e+01,2.356435643564356308e+00,1.000000000000000000e+00,2.000000000000000000e+00,1.000000000000000000e+00,2.000000000000000000e+00,4.000000000000000000e+00,2.000000000000000000e+00,1.738396624472573926e+00,1.608510638297872442e+00,4.962318840579710510e+00,1.000000000000000000e+00,5.000000000000000000e+00,4.500000000000000000e+01,4.000000000000000000e+00,3.000000000000000000e+00,2.799999999999999822e+00,2.000000000000000000e+00,5.400000000000000000e+03,0.000000000000000000e+00,0.000000000000000000e+00,1.000000000000000000e+00
1.000000000000000000e+00,1.000000000000000000e+00,5.298930000000000000e+05,3.800000000000000000e+01,8.600000000000000000e+01,2.400000000000000000e+01,4.000000000000000000e+00,3.000000000000000000e+00,4.000000000000000000e+00,1.000000000000000000e+00,2.000000000000000000e+00,4.000000000000000000e+00,4.000000000000000000e+00,1.000000000000000000e+00,1.000000000000000000e+00,4.962318840579710510e+00,4.000000000000000000e+00,5.000000000000000000e+00,4.500000000000000000e+01,5.500000000000000000e+00,1.000000000000000000e+00,1.009999999999999964e+01,2.000000000000000000e+00,3.111000000000000000e+03,0.000000000000000000e+00,0.000000000000000000e+00,1.000000000000000000e+00
1.000000000000000000e+00,9.000000000000000000e+00,5.294369000000000000e+06,3.889999999999999858e+01,1.200000000000000000e+02,3.000000000000000000e+01,1.000000000000000000e+00,3.000000000000000000e+00,2.000000000000000000e+00,2.000000000000000000e+00,3.000000000000000000e+00,3.000000000000000000e+00,3.000000000000000000e+00,3.000000000000000000e+00,1.000000000000000000e+00,3.000000000000000000e+00,2.779166666666666785e+00,3.715555555555555500e+00,4.700000000000000000e+01,6.299999999999999822e+00,1.000000000000000000e+00,2.948120300751879697e+00,1.000000000000000000e+00,2.124000000000000000e+03,0.000000000000000000e+00,0.000000000000000000e+00,2.000000000000000000e+00
1.000000000000000000e+00,1.000000000000000000e+00,5.281830000000000000e+05,3.760000000000000142e+01,4.500000000000000000e+01,1.200000000000000000e+01,3.000000000000000000e+00,1.000000000000000000e+00,3.000000000000000000e+00,1.000000000000000000e+00,2.908196721311475219e+00,2.000000000000000000e+00,2.000000000000000000e+00,2.000000000000000000e+00,1.000000000000000000e+00,4.962318840579710510e+00,1.000000000000000000e+00,4.000000000000000000e+00,3.900000000000000000e+01,7.000000000000000000e+00,2.000000000000000000e+00,1.500000000000000000e+00,1.000000000000000000e+00,2.112000000000000000e+03,0.000000000000000000e+00,0.000000000000000000e+00,1.000000000000000000e+00
2.000000000000000000e+00,1.000000000000000000e+00,5.291830000000000000e+05,3.860000000000000142e+01,5.600000000000000000e+01,3.200000000000000000e+01,2.000000000000000000e+00,1.000000000000000000e+00,1.000000000000000000e+00,1.000000000000000000e+00,1.000000000000000000e+00,1.000000000000000000e+00,1.000000000000000000e+00,2.000000000000000000e+00,1.608510638297872442e+00,4.962318840579710510e+00,2.000000000000000000e+00,3.715555555555555500e+00,4.000000000000000000e+01,7.000000000000000000e+00,2.000000000000000000e+00,2.100000000000000089e+00,1.000000000000000000e+00,0.000000000000000000e+00,0.000000000000000000e+00,0.000000000000000000e+00,1.000000000000000000e+00
1.000000000000000000e+00,1.000000000000000000e+00,5.291350000000000000e+05,3.779999999999999716e+01,4.000000000000000000e+01,1.200000000000000000e+01,1.000000000000000000e+00,1.000000000000000000e+00,1.000000000000000000e+00,1.000000000000000000e+00,1.000000000000000000e+00,2.000000000000000000e+00,1.000000000000000000e+00,2.000000000000000000e+00,1.000000000000000000e+00,4.962318840579710510e+00,1.000000000000000000e+00,2.000000000000000000e+00,3.800000000000000000e+01,7.000000000000000000e+00,2.045977011494252817e+00,2.948120300751879697e+00,1.000000000000000000e+00,3.111000000000000000e+03,0.000000000000000000e+00,0.000000000000000000e+00,2.000000000000000000e+00
2.000000000000000000e+00,1.000000000000000000e+00,5.289770000000000000e+05,3.813444816053511488e+01,7.075730994152046094e+01,3.052188552188552251e+01,2.356435643564356308e+00,1.961403508771929927e+00,2.834375000000000089e+00,1.303030303030302983e+00,2.908196721311475219e+00,2.908227848101265778e+00,2.224422442244224474e+00,1.738396624472573926e+00,1.608510638297872442e+00,4.962318840579710510e+00,2.779166666666666785e+00,3.715555555555555500e+00,4.565679758308156977e+01,2.477107692307692233e+01,2.045977011494252817e+00,2.948120300751879697e+00,1.000000000000000000e+00,0.000000000000000000e+00,0.000000000000000000e+00,0.000000000000000000e+00,2.000000000000000000e+00
1.000000000000000000e+00,1.000000000000000000e+00,5.279441000000000000e+06,3.800000000000000000e+01,7.600000000000000000e+01,1.800000000000000000e+01,2.356435643564356308e+00,1.961403508771929927e+00,2.834375000000000089e+00,2.000000000000000000e+00,2.908196721311475219e+00,2.908227848101265778e+00,2.224422442244224474e+00,1.738396624472573926e+00,1.608510638297872442e+00,4.962318840579710510e+00,2.779166666666666785e+00,3.715555555555555500e+00,7.100000000000000000e+01,1.100000000000000000e+01,2.045977011494252817e+00,2.948120300751879697e+00,1.000000000000000000e+00,2.209000000000000000e+03,0.000000000000000000e+00,0.000000000000000000e+00,1.000000000000000000e+00
1.000000000000000000e+00,1.000000000000000000e+00,5.352400000000000000e+05,3.810000000000000142e+01,4.000000000000000000e+01,3.600000000000000000e+01,1.000000000000000000e+00,2.000000000000000000e+00,2.000000000000000000e+00,1.000000000000000000e+00,2.000000000000000000e+00,2.000000000000000000e+00,2.224422442244224474e+00,1.738396624472573926e+00,1.608510638297872442e+00,4.962318840579710510e+00,2.779166666666666785e+00,3.715555555555555500e+00,4.565679758308156977e+01,2.477107692307692233e+01,2.045977011494252817e+00,2.948120300751879697e+00,3.000000000000000000e+00,3.112000000000000000e+03,0.000000000000000000e+00,0.000000000000000000e+00,2.000000000000000000e+00
1.000000000000000000e+00,1.000000000000000000e+00,5.297360000000000000e+05,3.813444816053511488e+01,5.200000000000000000e+01,2.800000000000000000e+01,3.000000000000000000e+00,3.000000000000000000e+00,4.000000000000000000e+00,1.000000000000000000e+00,3.000000000000000000e+00,4.000000000000000000e+00,3.000000000000000000e+00,2.000000000000000000e+00,1.000000000000000000e+00,4.962318840579710510e+00,4.000000000000000000e+00,4.000000000000000000e+00,3.700000000000000000e+01,8.099999999999999645e+00,2.045977011494252817e+00,2.948120300751879697e+00,1.000000000000000000e+00,2.111000000000000000e+03,0.000000000000000000e+00,0.000000000000000000e+00,2.000000000000000000e+00
1.000000000000000000e+00,1.000000000000000000e+00,5.350290000000000000e+05,3.920000000000000284e+01,8.800000000000000000e+01,5.800000000000000000e+01,4.000000000000000000e+00,4.000000000000000000e+00,2.834375000000000089e+00,2.000000000000000000e+00,5.000000000000000000e+00,4.000000000000000000e+00,2.224422442244224474e+00,1.738396624472573926e+00,1.608510638297872442e+00,4.962318840579710510e+00,2.779166666666666785e+00,3.715555555555555500e+00,4.565679758308156977e+01,2.477107692307692233e+01,2.000000000000000000e+00,2.000000000000000000e+00,3.000000000000000000e+00,3.205000000000000000e+03,0.000000000000000000e+00,0.000000000000000000e+00,2.000000000000000000e+00
1.000000000000000000e+00,1.000000000000000000e+00,5.350310000000000000e+05,3.850000000000000000e+01,9.200000000000000000e+01,4.000000000000000000e+01,4.000000000000000000e+00,3.000000000000000000e+00,2.834375000000000089e+00,1.000000000000000000e+00,2.000000000000000000e+00,4.000000000000000000e+00,3.000000000000000000e+00,1.738396624472573926e+00,1.608510638297872442e+00,4.962318840579710510e+00,4.000000000000000000e+00,3.715555555555555500e+00,4.600000000000000000e+01,6.700000000000000000e+01,2.000000000000000000e+00,2.000000000000000000e+00,1.000000000000000000e+00,2.208000000000000000e+03,0.000000000000000000e+00,0.000000000000000000e+00,2.000000000000000000e+00
1.000000000000000000e+00,1.000000000000000000e+00,5.288000000000000000e+05,3.813444816053511488e+01,1.120000000000000000e+02,1.300000000000000000e+01,4.000000000000000000e+00,4.000000000000000000e+00,4.000000000000000000e+00,1.000000000000000000e+00,2.000000000000000000e+00,3.000000000000000000e+00,1.000000000000000000e+00,2.000000000000000000e+00,1.000000000000000000e+00,4.500000000000000000e+00,4.000000000000000000e+00,4.000000000000000000e+00,6.000000000000000000e+01,6.299999999999999822e+00,3.000000000000000000e+00,2.948120300751879697e+00,1.000000000000000000e+00,2.205000000000000000e+03,0.000000000000000000e+00,0.000000000000000000e+00,1.000000000000000000e+00
1.000000000000000000e+00,1.000000000000000000e+00,5.281780000000000000e+05,3.770000000000000284e+01,6.600000000000000000e+01,1.200000000000000000e+01,1.000000000000000000e+00,1.000000000000000000e+00,3.000000000000000000e+00,1.000000000000000000e+00,3.000000000000000000e+00,3.000000000000000000e+00,2.000000000000000000e+00,2.000000000000000000e+00,1.608510638297872442e+00,4.962318840579710510e+00,4.000000000000000000e+00,4.000000000000000000e+00,3.150000000000000000e+01,6.200000000000000178e+00,2.000000000000000000e+00,1.600000000000000089e+00,1.000000000000000000e+00,2.208000000000000000e+03,0.000000000000000000e+00,0.000000000000000000e+00,1.000000000000000000e+00
1.000000000000000000e+00,1.000000000000000000e+00,5.353920000000000000e+05,3.879999999999999716e+01,5.000000000000000000e+01,1.400000000000000000e+01,1.000000000000000000e+00,1.000000000000000000e+00,1.000000000000000000e+00,1.000000000000000000e+00,3.000000000000000000e+00,1.000000000000000000e+00,1.000000000000000000e+00,1.000000000000000000e+00,1.000000000000000000e+00,4.962318840579710510e+00,3.000000000000000000e+00,5.000000000000000000e+00,3.800000000000000000e+01,5.800000000000000000e+01,2.045977011494252817e+00,2.948120300751879697e+00,1.000000000000000000e+00,3.111000000000000000e+03,0.000000000000000000e+00,0.000000000000000000e+00,2.000000000000000000e+00
2.000000000000000000e+00,1.000000000000000000e+00,5.289310000000000000e+05,3.839999999999999858e+01,5.400000000000000000e+01,2.400000000000000000e+01,1.000000000000000000e+00,1.000000000000000000e+00,1.000000000000000000e+00,1.000000000000000000e+00,1.000000000000000000e+00,3.000000000000000000e+00,1.000000000000000000e+00,2.000000000000000000e+00,1.000000000000000000e+00,4.962318840579710510e+00,3.000000000000000000e+00,2.000000000000000000e+00,4.900000000000000000e+01,7.200000000000000178e+00,1.000000000000000000e+00,8.000000000000000000e+00,1.000000000000000000e+00,3.111000000000000000e+03,0.000000000000000000e+00,0.000000000000000000e+00,1.000000000000000000e+00
1.000000000000000000e+00,1.000000000000000000e+00,5.285030000000000000e+05,3.920000000000000284e+01,1.200000000000000000e+02,2.000000000000000000e+01,4.000000000000000000e+00,3.000000000000000000e+00,5.000000000000000000e+00,2.000000000000000000e+00,2.000000000000000000e+00,3.000000000000000000e+00,3.000000000000000000e+00,1.000000000000000000e+00,3.000000000000000000e+00,4.962318840579710510e+00,2.779166666666666785e+00,4.000000000000000000e+00,6.000000000000000000e+01,8.800000000000000711e+00,3.000000000000000000e+00,2.948120300751879697e+00,2.000000000000000000e+00,2.205000000000000000e+03,0.000000000000000000e+00,0.000000000000000000e+00,2.000000000000000000e+00
1.000000000000000000e+00,9.000000000000000000e+00,5.289419000000000000e+06,3.813444816053511488e+01,7.075730994152046094e+01,3.052188552188552251e+01,2.356435643564356308e+00,1.961403508771929927e+00,2.834375000000000089e+00,1.303030303030302983e+00,2.908196721311475219e+00,2.908227848101265778e+00,2.224422442244224474e+00,1.738396624472573926e+00,1.608510638297872442e+00,4.962318840579710510e+00,2.779166666666666785e+00,3.715555555555555500e+00,4.500000000000000000e+01,6.500000000000000000e+00,2.000000000000000000e+00,2.948120300751879697e+00,1.000000000000000000e+00,9.000000000000000000e+03,0.000000000000000000e+00,0.000000000000000000e+00,1.000000000000000000e+00
1.000000000000000000e+00,1.000000000000000000e+00,5.351960000000000000e+05,3.729999999999999716e+01,9.000000000000000000e+01,4.000000000000000000e+01,3.000000000000000000e+00,1.961403508771929927e+00,6.000000000000000000e+00,2.000000000000000000e+00,5.000000000000000000e+00,4.000000000000000000e+00,3.000000000000000000e+00,2.000000000000000000e+00,2.000000000000000000e+00,4.962318840579710510e+00,1.000000000000000000e+00,5.000000000000000000e+00,6.500000000000000000e+01,5.000000000000000000e+01,3.000000000000000000e+00,2.000000000000000000e+00,3.000000000000000000e+00,3.205000000000000000e+03,0.000000000000000000e+00,0.000000000000000000e+00,2.000000000000000000e+00
1.000000000000000000e+00,9.000000000000000000e+00,5.345970000000000000e+05,3.850000000000000000e+01,1.200000000000000000e+02,7.000000000000000000e+01,2.356435643564356308e+00,1.961403508771929927e+00,2.834375000000000089e+00,1.303030303030302983e+00,2.908196721311475219e+00,1.000000000000000000e+00,2.224422442244224474e+00,2.000000000000000000e+00,1.608510638297872442e+00,4.962318840579710510e+00,1.000000000000000000e+00,3.715555555555555500e+00,3.500000000000000000e+01,5.400000000000000000e+01,1.000000000000000000e+00,1.000000000000000000e+00,1.000000000000000000e+00,4.205000000000000000e+03,3.111000000000000000e+03,2.209000000000000000e+03,2.000000000000000000e+00
1.000000000000000000e+00,1.000000000000000000e+00,5.342800000000000000e+05,3.850000000000000000e+01,1.040000000000000000e+02,4.000000000000000000e+01,3.000000000000000000e+00,3.000000000000000000e+00,2.834375000000000089e+00,1.000000000000000000e+00,4.000000000000000000e+00,3.000000000000000000e+00,4.000000000000000000e+00,1.738396624472573926e+00,1.608510638297872442e+00,4.962318840579710510e+00,2.779166666666666785e+00,3.715555555555555500e+00,4.565679758308156977e+01,2.477107692307692233e+01,2.045977011494252817e+00,2.948120300751879697e+00,1.000000000000000000e+00,2.124000000000000000e+03,0.000000000000000000e+00,0.000000000000000000e+00,2.000000000000000000e+00
2.000000000000000000e+00,1.000000000000000000e+00,5.300280000000000000e+05,3.950000000000000000e+01,9.200000000000000000e+01,2.800000000000000000e+01,3.000000000000000000e+00,3.000000000000000000e+00,6.000000000000000000e+00,1.000000000000000000e+00,5.000000000000000000e+00,4.000000000000000000e+00,1.000000000000000000e+00,1.738396624472573926e+00,3.000000000000000000e+00,4.962318840579710510e+00,4.000000000000000000e+00,3.715555555555555500e+00,7.200000000000000000e+01,6.400000000000000355e+00,2.045977011494252817e+00,3.600000000000000089e+00,2.000000000000000000e+00,3.300000000000000000e+03,0.000000000000000000e+00,0.000000000000000000e+00,2.000000000000000000e+00
1.000000000000000000e+00,1.000000000000000000e+00,5.262543000000000000e+06,3.850000000000000000e+01,3.000000000000000000e+01,1.800000000000000000e+01,2.356435643564356308e+00,1.961403508771929927e+00,2.834375000000000089e+00,1.303030303030302983e+00,2.908196721311475219e+00,2.908227848101265778e+00,2.224422442244224474e+00,1.738396624472573926e+00,1.608510638297872442e+00,4.962318840579710510e+00,2.779166666666666785e+00,3.715555555555555500e+00,4.000000000000000000e+01,7.700000000000000178e+00,2.045977011494252817e+00,2.948120300751879697e+00,1.000000000000000000e+00,2.113000000000000000e+03,0.000000000000000000e+00,0.000000000000000000e+00,2.000000000000000000e+00
1.000000000000000000e+00,1.000000000000000000e+00,5.305260000000000000e+05,3.829999999999999716e+01,7.200000000000000000e+01,3.000000000000000000e+01,4.000000000000000000e+00,3.000000000000000000e+00,3.000000000000000000e+00,2.000000000000000000e+00,3.000000000000000000e+00,3.000000000000000000e+00,3.000000000000000000e+00,2.000000000000000000e+00,1.000000000000000000e+00,4.962318840579710510e+00,3.000000000000000000e+00,5.000000000000000000e+00,4.300000000000000000e+01,7.000000000000000000e+00,2.000000000000000000e+00,3.899999999999999911e+00,1.000000000000000000e+00,3.113000000000000000e+03,0.000000000000000000e+00,0.000000000000000000e+00,1.000000000000000000e+00
2.000000000000000000e+00,1.000000000000000000e+00,5.287290000000000000e+05,3.750000000000000000e+01,4.800000000000000000e+01,3.000000000000000000e+01,4.000000000000000000e+00,1.000000000000000000e+00,3.000000000000000000e+00,1.000000000000000000e+00,2.908196721311475219e+00,2.000000000000000000e+00,1.000000000000000000e+00,1.000000000000000000e+00,1.000000000000000000e+00,4.962318840579710510e+00,1.000000000000000000e+00,1.000000000000000000e+00,4.800000000000000000e+01,8.599999999999999645e+00,2.045977011494252817e+00,2.948120300751879697e+00,1.000000000000000000e+00,4.000000000000000000e+02,0.000000000000000000e+00,0.000000000000000000e+00,2.000000000000000000e+00
1.000000000000000000e+00,1.000000000000000000e+00,5.284690000000000000e+05,3.810000000000000142e+01,5.200000000000000000e+01,2.400000000000000000e+01,1.000000000000000000e+00,1.000000000000000000e+00,5.000000000000000000e+00,1.000000000000000000e+00,4.000000000000000000e+00,3.000000000000000000e+00,1.000000000000000000e+00,2.000000000000000000e+00,3.000000000000000000e+00,7.000000000000000000e+00,1.000000000000000000e+00,3.715555555555555500e+00,5.400000000000000000e+01,7.500000000000000000e+00,2.000000000000000000e+00,2.600000000000000089e+00,2.000000000000000000e+00,2.206000000000000000e+03,0.000000000000000000e+00,0.000000000000000000e+00,1.000000000000000000e+00
2.000000000000000000e+00,1.000000000000000000e+00,5.281790000000000000e+05,3.820000000000000284e+01,4.200000000000000000e+01,2.600000000000000000e+01,1.000000000000000000e+00,1.000000000000000000e+00,1.000000000000000000e+00,1.000000000000000000e+00,3.000000000000000000e+00,1.000000000000000000e+00,2.000000000000000000e+00,1.738396624472573926e+00,1.608510638297872442e+00,4.962318840579710510e+00,1.000000000000000000e+00,3.715555555555555500e+00,3.600000000000000000e+01,6.900000000000000355e+00,2.045977011494252817e+00,2.948120300751879697e+00,1.000000000000000000e+00,3.111000000000000000e+03,0.000000000000000000e+00,0.000000000000000000e+00,2.000000000000000000e+00
2.000000000000000000e+00,1.000000000000000000e+00,5.337500000000000000e+05,3.789999999999999858e+01,5.400000000000000000e+01,4.200000000000000000e+01,2.000000000000000000e+00,1.000000000000000000e+00,5.000000000000000000e+00,1.000000000000000000e+00,3.000000000000000000e+00,1.000000000000000000e+00,1.000000000000000000e+00,1.738396624472573926e+00,1.000000000000000000e+00,4.962318840579710510e+00,2.779166666666666785e+00,2.000000000000000000e+00,4.700000000000000000e+01,5.400000000000000000e+01,3.000000000000000000e+00,1.000000000000000000e+00,1.000000000000000000e+00,0.000000000000000000e+00,0.000000000000000000e+00,0.000000000000000000e+00,2.000000000000000000e+00
2.000000000000000000e+00,1.000000000000000000e+00,5.287020000000000000e+05,3.610000000000000142e+01,8.800000000000000000e+01,3.052188552188552251e+01,3.000000000000000000e+00,3.000000000000000000e+00,3.000000000000000000e+00,1.000000000000000000e+00,3.000000000000000000e+00,3.000000000000000000e+00,2.000000000000000000e+00,2.000000000000000000e+00,3.000000000000000000e+00,4.962318840579710510e+00,2.779166666666666785e+00,4.000000000000000000e+00,4.500000000000000000e+01,7.000000000000000000e+00,3.000000000000000000e+00,4.799999999999999822e+00,3.000000000000000000e+00,2.209000000000000000e+03,0.000000000000000000e+00,0.000000000000000000e+00,1.000000000000000000e+00
1.000000000000000000e+00,1.000000000000000000e+00,5.341830000000000000e+05,3.810000000000000142e+01,7.000000000000000000e+01,2.200000000000000000e+01,2.356435643564356308e+00,1.000000000000000000e+00,2.834375000000000089e+00,1.000000000000000000e+00,5.000000000000000000e+00,3.000000000000000000e+00,2.224422442244224474e+00,1.738396624472573926e+00,1.608510638297872442e+00,4.962318840579710510e+00,2.779166666666666785e+00,5.000000000000000000e+00,3.600000000000000000e+01,6.500000000000000000e+01,2.045977011494252817e+00,2.948120300751879697e+00,3.000000000000000000e+00,3.205000000000000000e+03,0.000000000000000000e+00,0.000000000000000000e+00,2.000000000000000000e+00
1.000000000000000000e+00,1.000000000000000000e+00,5.291600000000000000e+05,3.800000000000000000e+01,9.000000000000000000e+01,3.000000000000000000e+01,4.000000000000000000e+00,3.000000000000000000e+00,4.000000000000000000e+00,2.000000000000000000e+00,5.000000000000000000e+00,4.000000000000000000e+00,4.000000000000000000e+00,1.738396624472573926e+00,1.608510638297872442e+00,4.962318840579710510e+00,4.000000000000000000e+00,5.000000000000000000e+00,5.500000000000000000e+01,6.099999999999999645e+00,2.045977011494252817e+00,2.948120300751879697e+00,2.000000000000000000e+00,3.205000000000000000e+03,0.000000000000000000e+00,0.000000000000000000e+00,2.000000000000000000e+00
1.000000000000000000e+00,1.000000000000000000e+00,5.290450000000000000e+05,3.820000000000000284e+01,5.200000000000000000e+01,1.600000000000000000e+01,1.000000000000000000e+00,1.000000000000000000e+00,2.000000000000000000e+00,1.000000000000000000e+00,1.000000000000000000e+00,2.000000000000000000e+00,1.000000000000000000e+00,1.000000000000000000e+00,1.000000000000000000e+00,4.962318840579710510e+00,1.000000000000000000e+00,3.715555555555555500e+00,4.300000000000000000e+01,8.099999999999999645e+00,2.045977011494252817e+00,2.948120300751879697e+00,1.000000000000000000e+00,0.000000000000000000e+00,0.000000000000000000e+00,0.000000000000000000e+00,1.000000000000000000e+00
1.000000000000000000e+00,1.000000000000000000e+00,5.303540000000000000e+05,3.813444816053511488e+01,3.600000000000000000e+01,3.200000000000000000e+01,1.000000000000000000e+00,1.000000000000000000e+00,4.000000000000000000e+00,1.000000000000000000e+00,5.000000000000000000e+00,3.000000000000000000e+00,3.000000000000000000e+00,2.000000000000000000e+00,3.000000000000000000e+00,4.000000000000000000e+00,2.779166666666666785e+00,4.000000000000000000e+00,4.100000000000000000e+01,5.900000000000000355e+00,2.045977011494252817e+00,2.948120300751879697e+00,2.000000000000000000e+00,2.205000000000000000e+03,0.000000000000000000e+00,0.000000000000000000e+00,2.000000000000000000e+00
1.000000000000000000e+00,1.000000000000000000e+00,5.281091000000000000e+06,3.839999999999999858e+01,9.200000000000000000e+01,2.000000000000000000e+01,1.000000000000000000e+00,1.961403508771929927e+00,2.834375000000000089e+00,2.000000000000000000e+00,2.908196721311475219e+00,3.000000000000000000e+00,3.000000000000000000e+00,1.738396624472573926e+00,1.608510638297872442e+00,4.962318840579710510e+00,1.000000000000000000e+00,3.715555555555555500e+00,4.565679758308156977e+01,2.477107692307692233e+01,2.045977011494252817e+00,2.948120300751879697e+00,1.000000000000000000e+00,2.208000000000000000e+03,0.000000000000000000e+00,0.000000000000000000e+00,1.000000000000000000e+00
1.000000000000000000e+00,9.000000000000000000e+00,5.291409000000000000e+06,3.820000000000000284e+01,1.240000000000000000e+02,8.800000000000000000e+01,1.000000000000000000e+00,3.000000000000000000e+00,2.000000000000000000e+00,1.000000000000000000e+00,2.000000000000000000e+00,3.000000000000000000e+00,4.000000000000000000e+00,1.738396624472573926e+00,1.608510638297872442e+00,4.962318840579710510e+00,2.779166666666666785e+00,3.715555555555555500e+00,4.700000000000000000e+01,8.000000000000000000e+00,1.000000000000000000e+00,2.948120300751879697e+00,1.000000000000000000e+00,9.400000000000000000e+03,0.000000000000000000e+00,0.000000000000000000e+00,1.000000000000000000e+00
2.000000000000000000e+00,1.000000000000000000e+00,5.289040000000000000e+05,3.813444816053511488e+01,9.600000000000000000e+01,3.052188552188552251e+01,3.000000000000000000e+00,3.000000000000000000e+00,3.000000000000000000e+00,2.000000000000000000e+00,5.000000000000000000e+00,4.000000000000000000e+00,4.000000000000000000e+00,1.738396624472573926e+00,1.000000000000000000e+00,4.962318840579710510e+00,4.000000000000000000e+00,5.000000000000000000e+00,6.000000000000000000e+01,2.477107692307692233e+01,2.045977011494252817e+00,2.948120300751879697e+00,2.000000000000000000e+00,4.111000000000000000e+04,0.000000000000000000e+00,0.000000000000000000e+00,2.000000000000000000e+00
1.000000000000000000e+00,1.000000000000000000e+00,5.303660000000000000e+05,3.760000000000000142e+01,6.800000000000000000e+01,3.200000000000000000e+01,3.000000000000000000e+00,1.961403508771929927e+00,3.000000000000000000e+00,1.000000000000000000e+00,4.000000000000000000e+00,2.000000000000000000e+00,4.000000000000000000e+00,2.000000000000000000e+00,2.000000000000000000e+00,6.500000000000000000e+00,1.000000000000000000e+00,5.000000000000000000e+00,4.700000000000000000e+01,7.200000000000000178e+00,1.000000000000000000e+00,2.948120300751879697e+00,1.000000000000000000e+00,3.209000000000000000e+03,0.000000000000000000e+00,0.000000000000000000e+00,2.000000000000000000e+00
1.000000000000000000e+00,1.000000000000000000e+00,5.301700000000000000e+05,3.810000000000000142e+01,8.800000000000000000e+01,2.400000000000000000e+01,3.000000000000000000e+00,3.000000000000000000e+00,4.000000000000000000e+00,1.000000000000000000e+00,5.000000000000000000e+00,4.000000000000000000e+00,3.000000000000000000e+00,2.000000000000000000e+00,1.000000000000000000e+00,4.962318840579710510e+00,3.000000000000000000e+00,4.000000000000000000e+00,4.100000000000000000e+01,4.599999999999999645e+00,2.045977011494252817e+00,2.948120300751879697e+00,2.000000000000000000e+00,2.209000000000000000e+03,0.000000000000000000e+00,0.000000000000000000e+00,2.000000000000000000e+00
1.000000000000000000e+00,1.000000000000000000e+00,5.277090000000000000e+05,3.800000000000000000e+01,1.080000000000000000e+02,6.000000000000000000e+01,2.000000000000000000e+00,3.000000000000000000e+00,4.000000000000000000e+00,1.000000000000000000e+00,4.000000000000000000e+00,3.000000000000000000e+00,3.000000000000000000e+00,2.000000000000000000e+00,1.608510638297872442e+00,4.962318840579710510e+00,3.000000000000000000e+00,4.000000000000000000e+00,4.565679758308156977e+01,2.477107692307692233e+01,3.000000000000000000e+00,2.948120300751879697e+00,1.000000000000000000e+00,2.205000000000000000e+03,0.000000000000000000e+00,0.000000000000000000e+00,2.000000000000000000e+00
2.000000000000000000e+00,1.000000000000000000e+00,5.281690000000000000e+05,3.820000000000000284e+01,4.800000000000000000e+01,3.052188552188552251e+01,2.000000000000000000e+00,1.961403508771929927e+00,1.000000000000000000e+00,2.000000000000000000e+00,3.000000000000000000e+00,3.000000000000000000e+00,1.000000000000000000e+00,2.000000000000000000e+00,1.000000000000000000e+00,4.962318840579710510e+00,2.779166666666666785e+00,2.000000000000000000e+00,3.400000000000000000e+01,6.599999999999999645e+00,2.045977011494252817e+00,2.948120300751879697e+00,1.000000000000000000e+00,3.111000000000000000e+03,0.000000000000000000e+00,0.000000000000000000e+00,2.000000000000000000e+00
1.000000000000000000e+00,1.000000000000000000e+00,5.350430000000000000e+05,3.929999999999999716e+01,1.000000000000000000e+02,5.100000000000000000e+01,4.000000000000000000e+00,4.000000000000000000e+00,6.000000000000000000e+00,1.000000000000000000e+00,2.000000000000000000e+00,4.000000000000000000e+00,1.000000000000000000e+00,1.000000000000000000e+00,3.000000000000000000e+00,2.000000000000000000e+00,2.779166666666666785e+00,4.000000000000000000e+00,6.600000000000000000e+01,1.300000000000000000e+01,3.000000000000000000e+00,2.000000000000000000e+00,3.000000000000000000e+00,2.113000000000000000e+03,0.000000000000000000e+00,0.000000000000000000e+00,2.000000000000000000e+00
2.000000000000000000e+00,1.000000000000000000e+00,5.279400000000000000e+05,3.660000000000000142e+01,4.200000000000000000e+01,1.800000000000000000e+01,3.000000000000000000e+00,3.000000000000000000e+00,2.000000000000000000e+00,1.000000000000000000e+00,1.000000000000000000e+00,4.000000000000000000e+00,1.000000000000000000e+00,1.000000000000000000e+00,1.000000000000000000e+00,4.962318840579710510e+00,2.779166666666666785e+00,5.000000000000000000e+00,5.200000000000000000e+01,7.099999999999999645e+00,2.045977011494252817e+00,2.948120300751879697e+00,2.000000000000000000e+00,5.111000000000000000e+03,0.000000000000000000e+00,0.000000000000000000e+00,2.000000000000000000e+00
1.000000000000000000e+00,9.000000000000000000e+00,5.291719000000000000e+06,3.879999999999999716e+01,1.240000000000000000e+02,3.600000000000000000e+01,3.000000000000000000e+00,1.000000000000000000e+00,2.000000000000000000e+00,1.000000000000000000e+00,2.000000000000000000e+00,3.000000000000000000e+00,4.000000000000000000e+00,1.000000000000000000e+00,1.000000000000000000e+00,4.962318840579710510e+00,4.000000000000000000e+00,4.000000000000000000e+00,5.000000000000000000e+01,7.599999999999999645e+00,3.000000000000000000e+00,2.948120300751879697e+00,2.000000000000000000e+00,2.208000000000000000e+03,0.000000000000000000e+00,0.000000000000000000e+00,1.000000000000000000e+00
2.000000000000000000e+00,1.000000000000000000e+00,5.305610000000000000e+05,3.813444816053511488e+01,1.120000000000000000e+02,2.400000000000000000e+01,3.000000000000000000e+00,3.000000000000000000e+00,4.000000000000000000e+00,2.000000000000000000e+00,5.000000000000000000e+00,4.000000000000000000e+00,2.000000000000000000e+00,1.738396624472573926e+00,1.608510638297872442e+00,4.962318840579710510e+00,4.000000000000000000e+00,3.715555555555555500e+00,4.000000000000000000e+01,5.299999999999999822e+00,3.000000000000000000e+00,2.600000000000000089e+00,1.000000000000000000e+00,4.000000000000000000e+02,0.000000000000000000e+00,0.000000000000000000e+00,1.000000000000000000e+00
1.000000000000000000e+00,1.000000000000000000e+00,5.337380000000000000e+05,3.813444816053511488e+01,8.000000000000000000e+01,3.052188552188552251e+01,3.000000000000000000e+00,3.000000000000000000e+00,3.000000000000000000e+00,1.000000000000000000e+00,4.000000000000000000e+00,4.000000000000000000e+00,4.000000000000000000e+00,1.738396624472573926e+00,1.608510638297872442e+00,4.962318840579710510e+00,4.000000000000000000e+00,5.000000000000000000e+00,4.300000000000000000e+01,7.000000000000000000e+01,2.045977011494252817e+00,2.948120300751879697e+00,1.000000000000000000e+00,3.111000000000000000e+03,0.000000000000000000e+00,0.000000000000000000e+00,2.000000000000000000e+00
1.000000000000000000e+00,9.000000000000000000e+00,5.294539000000000000e+06,3.879999999999999716e+01,1.840000000000000000e+02,8.400000000000000000e+01,1.000000000000000000e+00,1.961403508771929927e+00,1.000000000000000000e+00,1.000000000000000000e+00,4.000000000000000000e+00,1.000000000000000000e+00,3.000000000000000000e+00,1.738396624472573926e+00,1.608510638297872442e+00,4.962318840579710510e+00,2.000000000000000000e+00,3.715555555555555500e+00,3.300000000000000000e+01,3.299999999999999822e+00,2.045977011494252817e+00,2.948120300751879697e+00,2.000000000000000000e+00,7.111000000000000000e+03,0.000000000000000000e+00,0.000000000000000000e+00,2.000000000000000000e+00
1.000000000000000000e+00,1.000000000000000000e+00,5.338710000000000000e+05,3.750000000000000000e+01,7.200000000000000000e+01,3.052188552188552251e+01,2.000000000000000000e+00,1.000000000000000000e+00,1.000000000000000000e+00,1.000000000000000000e+00,2.000000000000000000e+00,1.000000000000000000e+00,1.000000000000000000e+00,1.000000000000000000e+00,1.000000000000000000e+00,4.962318840579710510e+00,1.000000000000000000e+00,3.715555555555555500e+00,3.500000000000000000e+01,6.500000000000000000e+01,2.000000000000000000e+00,2.000000000000000000e+00,3.000000000000000000e+00,7.209000000000000000e+03,0.000000000000000000e+00,0.000000000000000000e+00,2.000000000000000000e+00
1.000000000000000000e+00,1.000000000000000000e+00,5.298120000000000000e+05,3.870000000000000284e+01,9.600000000000000000e+01,2.800000000000000000e+01,3.000000000000000000e+00,3.000000000000000000e+00,4.000000000000000000e+00,1.000000000000000000e+00,2.908196721311475219e+00,4.000000000000000000e+00,2.224422442244224474e+00,1.738396624472573926e+00,3.000000000000000000e+00,7.500000000000000000e+00,2.779166666666666785e+00,3.715555555555555500e+00,6.400000000000000000e+01,9.000000000000000000e+00,2.045977011494252817e+00,2.948120300751879697e+00,2.000000000000000000e+00,2.205000000000000000e+03,0.000000000000000000e+00,0.000000000000000000e+00,1.000000000000000000e+00
2.000000000000000000e+00,1.000000000000000000e+00,5.347190000000000000e+05,3.750000000000000000e+01,5.200000000000000000e+01,1.200000000000000000e+01,1.000000000000000000e+00,1.000000000000000000e+00,1.000000000000000000e+00,1.000000000000000000e+00,2.000000000000000000e+00,3.000000000000000000e+00,2.000000000000000000e+00,2.000000000000000000e+00,1.000000000000000000e+00,4.962318840579710510e+00,3.000000000000000000e+00,5.000000000000000000e+00,3.600000000000000000e+01,6.100000000000000000e+01,1.000000000000000000e+00,1.000000000000000000e+00,1.000000000000000000e+00,0.000000000000000000e+00,0.000000000000000000e+00,0.000000000000000000e+00,2.000000000000000000e+00
1.000000000000000000e+00,1.000000000000000000e+00,5.277340000000000000e+05,4.079999999999999716e+01,7.200000000000000000e+01,4.200000000000000000e+01,3.000000000000000000e+00,3.000000000000000000e+00,1.000000000000000000e+00,1.000000000000000000e+00,2.000000000000000000e+00,3.000000000000000000e+00,1.000000000000000000e+00,2.000000000000000000e+00,1.000000000000000000e+00,4.962318840579710510e+00,2.779166666666666785e+00,3.715555555555555500e+00,5.400000000000000000e+01,7.400000000000000355e+00,3.000000000000000000e+00,2.948120300751879697e+00,2.000000000000000000e+00,1.140000000000000000e+04,0.000000000000000000e+00,0.000000000000000000e+00,1.000000000000000000e+00
2.000000000000000000e+00,1.000000000000000000e+00,5.349330000000000000e+05,3.800000000000000000e+01,4.000000000000000000e+01,2.500000000000000000e+01,2.356435643564356308e+00,1.000000000000000000e+00,1.000000000000000000e+00,1.000000000000000000e+00,4.000000000000000000e+00,3.000000000000000000e+00,2.000000000000000000e+00,1.000000000000000000e+00,1.000000000000000000e+00,4.962318840579710510e+00,4.000000000000000000e+00,3.715555555555555500e+00,3.700000000000000000e+01,6.900000000000000000e+01,2.045977011494252817e+00,2.948120300751879697e+00,1.000000000000000000e+00,0.000000000000000000e+00,0.000000000000000000e+00,0.000000000000000000e+00,2.000000000000000000e+00
2.000000000000000000e+00,1.000000000000000000e+00,5.292960000000000000e+05,3.839999999999999858e+01,4.800000000000000000e+01,1.600000000000000000e+01,2.000000000000000000e+00,1.000000000000000000e+00,1.000000000000000000e+00,1.000000000000000000e+00,1.000000000000000000e+00,2.908227848101265778e+00,2.000000000000000000e+00,2.000000000000000000e+00,1.000000000000000000e+00,4.962318840579710510e+00,2.779166666666666785e+00,2.000000000000000000e+00,3.900000000000000000e+01,6.500000000000000000e+00,2.045977011494252817e+00,2.948120300751879697e+00,1.000000000000000000e+00,3.111000000000000000e+03,0.000000000000000000e+00,0.000000000000000000e+00,1.000000000000000000e+00
2.000000000000000000e+00,9.000000000000000000e+00,5.305629000000000000e+06,3.860000000000000142e+01,8.800000000000000000e+01,2.800000000000000000e+01,2.356435643564356308e+00,1.961403508771929927e+00,2.834375000000000089e+00,1.303030303030302983e+00,2.908196721311475219e+00,2.908227848101265778e+00,2.224422442244224474e+00,1.738396624472573926e+00,1.608510638297872442e+00,4.962318840579710510e+00,2.779166666666666785e+00,3.715555555555555500e+00,3.500000000000000000e+01,5.900000000000000355e+00,2.045977011494252817e+00,2.948120300751879697e+00,1.000000000000000000e+00,0.000000000000000000e+00,0.000000000000000000e+00,0.000000000000000000e+00,2.000000000000000000e+00
1.000000000000000000e+00,1.000000000000000000e+00,5.287430000000000000e+05,3.710000000000000142e+01,7.500000000000000000e+01,3.600000000000000000e+01,2.356435643564356308e+00,1.961403508771929927e+00,3.000000000000000000e+00,2.000000000000000000e+00,4.000000000000000000e+00,4.000000000000000000e+00,2.000000000000000000e+00,2.000000000000000000e+00,3.000000000000000000e+00,5.000000000000000000e+00,4.000000000000000000e+00,4.000000000000000000e+00,4.800000000000000000e+01,7.400000000000000355e+00,3.000000000000000000e+00,3.200000000000000178e+00,2.000000000000000000e+00,1.220800000000000000e+04,0.000000000000000000e+00,0.000000000000000000e+00,1.000000000000000000e+00
1.000000000000000000e+00,1.000000000000000000e+00,5.304780000000000000e+05,3.829999999999999716e+01,4.400000000000000000e+01,2.100000000000000000e+01,3.000000000000000000e+00,1.000000000000000000e+00,2.000000000000000000e+00,1.000000000000000000e+00,3.000000000000000000e+00,3.000000000000000000e+00,3.000000000000000000e+00,2.000000000000000000e+00,1.000000000000000000e+00,4.962318840579710510e+00,1.000000000000000000e+00,5.000000000000000000e+00,4.400000000000000000e+01,6.500000000000000000e+00,2.000000000000000000e+00,4.400000000000000355e+00,1.000000000000000000e+00,2.209000000000000000e+03,0.000000000000000000e+00,0.000000000000000000e+00,1.000000000000000000e+00
2.000000000000000000e+00,1.000000000000000000e+00,5.285900000000000000e+05,3.813444816053511488e+01,5.600000000000000000e+01,6.800000000000000000e+01,3.000000000000000000e+00,1.000000000000000000e+00,1.000000000000000000e+00,1.000000000000000000e+00,3.000000000000000000e+00,3.000000000000000000e+00,1.000000000000000000e+00,2.000000000000000000e+00,1.000000000000000000e+00,4.962318840579710510e+00,1.000000000000000000e+00,3.715555555555555500e+00,4.000000000000000000e+01,6.000000000000000000e+00,2.045977011494252817e+00,2.948120300751879697e+00,3.000000000000000000e+00,5.206000000000000000e+03,0.000000000000000000e+00,0.000000000000000000e+00,2.000000000000000000e+00
2.000000000000000000e+00,1.000000000000000000e+00,5.298650000000000000e+05,3.860000000000000142e+01,6.800000000000000000e+01,2.000000000000000000e+01,2.000000000000000000e+00,1.000000000000000000e+00,3.000000000000000000e+00,1.000000000000000000e+00,3.000000000000000000e+00,3.000000000000000000e+00,2.000000000000000000e+00,1.000000000000000000e+00,1.000000000000000000e+00,4.962318840579710510e+00,1.000000000000000000e+00,5.000000000000000000e+00,3.800000000000000000e+01,6.500000000000000000e+00,1.000000000000000000e+00,2.948120300751879697e+00,1.000000000000000000e+00,5.124000000000000000e+03,0.000000000000000000e+00,0.000000000000000000e+00,1.000000000000000000e+00
2.000000000000000000e+00,1.000000000000000000e+00,5.278290000000000000e+05,3.829999999999999716e+01,5.400000000000000000e+01,1.800000000000000000e+01,3.000000000000000000e+00,1.000000000000000000e+00,2.000000000000000000e+00,1.000000000000000000e+00,2.000000000000000000e+00,3.000000000000000000e+00,2.000000000000000000e+00,1.738396624472573926e+00,3.000000000000000000e+00,5.400000000000000355e+00,2.779166666666666785e+00,4.000000000000000000e+00,4.400000000000000000e+01,7.200000000000000178e+00,3.000000000000000000e+00,2.948120300751879697e+00,1.000000000000000000e+00,2.124000000000000000e+03,0.000000000000000000e+00,0.000000000000000000e+00,1.000000000000000000e+00
1.000000000000000000e+00,1.000000000000000000e+00,5.344030000000000000e+05,3.820000000000000284e+01,4.200000000000000000e+01,2.000000000000000000e+01,2.356435643564356308e+00,1.961403508771929927e+00,1.000000000000000000e+00,1.000000000000000000e+00,2.908196721311475219e+00,3.000000000000000000e+00,2.224422442244224474e+00,1.738396624472573926e+00,1.608510638297872442e+00,4.962318840579710510e+00,3.000000000000000000e+00,3.715555555555555500e+00,4.700000000000000000e+01,6.000000000000000000e+01,2.045977011494252817e+00,2.948120300751879697e+00,1.000000000000000000e+00,0.000000000000000000e+00,0.000000000000000000e+00,0.000000000000000000e+00,2.000000000000000000e+00
1.000000000000000000e+00,1.000000000000000000e+00,5.278830000000000000e+05,3.929999999999999716e+01,6.400000000000000000e+01,9.000000000000000000e+01,2.000000000000000000e+00,3.000000000000000000e+00,1.000000000000000000e+00,1.000000000000000000e+00,2.908196721311475219e+00,3.000000000000000000e+00,1.000000000000000000e+00,1.000000000000000000e+00,2.000000000000000000e+00,6.500000000000000000e+00,1.000000000000000000e+00,5.000000000000000000e+00,3.900000000000000000e+01,6.700000000000000178e+00,2.045977011494252817e+00,2.948120300751879697e+00,1.000000000000000000e+00,3.111000000000000000e+04,0.000000000000000000e+00,0.000000000000000000e+00,2.000000000000000000e+00
1.000000000000000000e+00,1.000000000000000000e+00,5.285700000000000000e+05,3.750000000000000000e+01,6.000000000000000000e+01,5.000000000000000000e+01,3.000000000000000000e+00,3.000000000000000000e+00,1.000000000000000000e+00,1.000000000000000000e+00,3.000000000000000000e+00,3.000000000000000000e+00,2.000000000000000000e+00,2.000000000000000000e+00,2.000000000000000000e+00,3.500000000000000000e+00,3.000000000000000000e+00,4.000000000000000000e+00,3.500000000000000000e+01,6.500000000000000000e+00,2.045977011494252817e+00,2.948120300751879697e+00,2.000000000000000000e+00,2.209000000000000000e+03,0.000000000000000000e+00,0.000000000000000000e+00,2.000000000000000000e+00
1.000000000000000000e+00,1.000000000000000000e+00,5.346260000000000000e+05,3.770000000000000284e+01,8.000000000000000000e+01,3.052188552188552251e+01,3.000000000000000000e+00,3.000000000000000000e+00,6.000000000000000000e+00,1.000000000000000000e+00,5.000000000000000000e+00,4.000000000000000000e+00,1.000000000000000000e+00,2.000000000000000000e+00,3.000000000000000000e+00,4.962318840579710510e+00,3.000000000000000000e+00,1.000000000000000000e+00,5.000000000000000000e+01,5.500000000000000000e+01,3.000000000000000000e+00,2.000000000000000000e+00,1.000000000000000000e+00,4.206000000000000000e+03,0.000000000000000000e+00,0.000000000000000000e+00,2.000000000000000000e+00
1.000000000000000000e+00,1.000000000000000000e+00,5.297960000000000000e+05,3.813444816053511488e+01,1.000000000000000000e+02,3.000000000000000000e+01,3.000000000000000000e+00,3.000000000000000000e+00,4.000000000000000000e+00,2.000000000000000000e+00,5.000000000000000000e+00,4.000000000000000000e+00,4.000000000000000000e+00,3.000000000000000000e+00,3.000000000000000000e+00,4.962318840579710510e+00,4.000000000000000000e+00,4.000000000000000000e+00,5.200000000000000000e+01,6.599999999999999645e+00,2.045977011494252817e+00,2.948120300751879697e+00,1.000000000000000000e+00,2.124000000000000000e+03,0.000000000000000000e+00,0.000000000000000000e+00,2.000000000000000000e+00
1.000000000000000000e+00,1.000000000000000000e+00,5.286380000000000000e+05,3.770000000000000284e+01,1.200000000000000000e+02,2.800000000000000000e+01,3.000000000000000000e+00,3.000000000000000000e+00,3.000000000000000000e+00,1.000000000000000000e+00,5.000000000000000000e+00,3.000000000000000000e+00,3.000000000000000000e+00,1.000000000000000000e+00,1.000000000000000000e+00,4.962318840579710510e+00,2.779166666666666785e+00,3.715555555555555500e+00,6.500000000000000000e+01,7.000000000000000000e+00,3.000000000000000000e+00,2.948120300751879697e+00,2.000000000000000000e+00,4.205000000000000000e+03,0.000000000000000000e+00,0.000000000000000000e+00,1.000000000000000000e+00
1.000000000000000000e+00,1.000000000000000000e+00,5.346240000000000000e+05,3.813444816053511488e+01,7.600000000000000000e+01,3.052188552188552251e+01,2.356435643564356308e+00,3.000000000000000000e+00,2.834375000000000089e+00,1.303030303030302983e+00,2.908196721311475219e+00,4.000000000000000000e+00,4.000000000000000000e+00,1.738396624472573926e+00,1.608510638297872442e+00,4.962318840579710510e+00,2.779166666666666785e+00,5.000000000000000000e+00,4.565679758308156977e+01,2.477107692307692233e+01,2.045977011494252817e+00,2.948120300751879697e+00,3.000000000000000000e+00,1.112400000000000000e+04,0.000000000000000000e+00,0.000000000000000000e+00,2.000000000000000000e+00
1.000000000000000000e+00,9.000000000000000000e+00,5.297159000000000000e+06,3.879999999999999716e+01,1.500000000000000000e+02,5.000000000000000000e+01,1.000000000000000000e+00,3.000000000000000000e+00,6.000000000000000000e+00,2.000000000000000000e+00,5.000000000000000000e+00,3.000000000000000000e+00,2.000000000000000000e+00,1.000000000000000000e+00,1.000000000000000000e+00,4.962318840579710510e+00,2.779166666666666785e+00,3.715555555555555500e+00,5.000000000000000000e+01,6.200000000000000178e+00,2.045977011494252817e+00,2.948120300751879697e+00,2.000000000000000000e+00,4.207000000000000000e+03,0.000000000000000000e+00,0.000000000000000000e+00,2.000000000000000000e+00
1.000000000000000000e+00,1.000000000000000000e+00,5.347870000000000000e+05,3.800000000000000000e+01,3.600000000000000000e+01,1.600000000000000000e+01,3.000000000000000000e+00,1.000000000000000000e+00,1.000000000000000000e+00,1.000000000000000000e+00,4.000000000000000000e+00,2.000000000000000000e+00,2.000000000000000000e+00,3.000000000000000000e+00,3.000000000000000000e+00,2.000000000000000000e+00,3.000000000000000000e+00,3.715555555555555500e+00,3.700000000000000000e+01,7.500000000000000000e+01,2.000000000000000000e+00,1.000000000000000000e+00,3.000000000000000000e+00,3.111000000000000000e+03,0.000000000000000000e+00,0.000000000000000000e+00,2.000000000000000000e+00
2.000000000000000000e+00,1.000000000000000000e+00,5.286200000000000000e+05,3.689999999999999858e+01,5.000000000000000000e+01,4.000000000000000000e+01,2.000000000000000000e+00,3.000000000000000000e+00,3.000000000000000000e+00,1.000000000000000000e+00,1.000000000000000000e+00,3.000000000000000000e+00,2.000000000000000000e+00,3.000000000000000000e+00,1.000000000000000000e+00,7.000000000000000000e+00,2.779166666666666785e+00,3.715555555555555500e+00,3.750000000000000000e+01,6.500000000000000000e+00,2.045977011494252817e+00,2.948120300751879697e+00,1.000000000000000000e+00,3.111000000000000000e+03,0.000000000000000000e+00,0.000000000000000000e+00,2.000000000000000000e+00
2.000000000000000000e+00,1.000000000000000000e+00,5.280190000000000000e+05,3.779999999999999716e+01,4.000000000000000000e+01,1.600000000000000000e+01,1.000000000000000000e+00,1.000000000000000000e+00,1.000000000000000000e+00,1.000000000000000000e+00,1.000000000000000000e+00,1.000000000000000000e+00,1.000000000000000000e+00,1.738396624472573926e+00,1.608510638297872442e+00,4.962318840579710510e+00,1.000000000000000000e+00,1.000000000000000000e+00,3.700000000000000000e+01,6.799999999999999822e+00,2.045977011494252817e+00,2.948120300751879697e+00,1.000000000000000000e+00,0.000000000000000000e+00,0.000000000000000000e+00,0.000000000000000000e+00,2.000000000000000000e+00
2.000000000000000000e+00,1.000000000000000000e+00,5.291720000000000000e+05,3.820000000000000284e+01,5.600000000000000000e+01,4.000000000000000000e+01,4.000000000000000000e+00,3.000000000000000000e+00,1.000000000000000000e+00,1.000000000000000000e+00,2.000000000000000000e+00,4.000000000000000000e+00,3.000000000000000000e+00,2.000000000000000000e+00,2.000000000000000000e+00,7.500000000000000000e+00,2.779166666666666785e+00,3.715555555555555500e+00,4.700000000000000000e+01,7.200000000000000178e+00,1.000000000000000000e+00,2.500000000000000000e+00,1.000000000000000000e+00,8.300000000000000000e+03,0.000000000000000000e+00,0.000000000000000000e+00,1.000000000000000000e+00
1.000000000000000000e+00,1.000000000000000000e+00,5.346440000000000000e+05,3.860000000000000142e+01,4.800000000000000000e+01,1.200000000000000000e+01,2.356435643564356308e+00,1.961403508771929927e+00,1.000000000000000000e+00,1.303030303030302983e+00,1.000000000000000000e+00,1.000000000000000000e+00,2.224422442244224474e+00,1.738396624472573926e+00,1.608510638297872442e+00,4.962318840579710510e+00,2.779166666666666785e+00,3.715555555555555500e+00,3.600000000000000000e+01,6.700000000000000000e+01,2.045977011494252817e+00,2.948120300751879697e+00,1.000000000000000000e+00,0.000000000000000000e+00,0.000000000000000000e+00,0.000000000000000000e+00,2.000000000000000000e+00
2.000000000000000000e+00,1.000000000000000000e+00,5.306240000000000000e+05,4.000000000000000000e+01,7.800000000000000000e+01,3.052188552188552251e+01,3.000000000000000000e+00,3.000000000000000000e+00,5.000000000000000000e+00,1.000000000000000000e+00,2.000000000000000000e+00,3.000000000000000000e+00,1.000000000000000000e+00,1.000000000000000000e+00,1.000000000000000000e+00,4.962318840579710510e+00,4.000000000000000000e+00,1.000000000000000000e+00,6.600000000000000000e+01,6.500000000000000000e+00,2.045977011494252817e+00,2.948120300751879697e+00,2.000000000000000000e+00,8.400000000000000000e+03,0.000000000000000000e+00,0.000000000000000000e+00,1.000000000000000000e+00
1.000000000000000000e+00,1.000000000000000000e+00,5.275440000000000000e+05,3.813444816053511488e+01,7.000000000000000000e+01,1.600000000000000000e+01,3.000000000000000000e+00,4.000000000000000000e+00,5.000000000000000000e+00,2.000000000000000000e+00,2.000000000000000000e+00,3.000000000000000000e+00,2.000000000000000000e+00,2.000000000000000000e+00,1.000000000000000000e+00,4.962318840579710510e+00,4.000000000000000000e+00,5.000000000000000000e+00,6.000000000000000000e+01,7.500000000000000000e+00,2.045977011494252817e+00,2.948120300751879697e+00,2.000000000000000000e+00,1.400000000000000000e+03,0.000000000000000000e+00,0.000000000000000000e+00,2.000000000000000000e+00
1.000000000000000000e+00,1.000000000000000000e+00,5.277580000000000000e+05,3.820000000000000284e+01,7.200000000000000000e+01,1.800000000000000000e+01,2.356435643564356308e+00,1.961403508771929927e+00,2.834375000000000089e+00,1.303030303030302983e+00,2.908196721311475219e+00,2.908227848101265778e+00,2.224422442244224474e+00,1.738396624472573926e+00,1.608510638297872442e+00,4.962318840579710510e+00,2.779166666666666785e+00,3.715555555555555500e+00,3.500000000000000000e+01,6.400000000000000355e+00,2.045977011494252817e+00,2.948120300751879697e+00,1.000000000000000000e+00,3.124000000000000000e+03,0.000000000000000000e+00,0.000000000000000000e+00,2.000000000000000000e+00
2.000000000000000000e+00,1.000000000000000000e+00,5.304390000000000000e+05,3.850000000000000000e+01,5.400000000000000000e+01,3.052188552188552251e+01,1.000000000000000000e+00,1.000000000000000000e+00,1.000000000000000000e+00,1.000000000000000000e+00,3.000000000000000000e+00,1.000000000000000000e+00,1.000000000000000000e+00,2.000000000000000000e+00,1.000000000000000000e+00,4.962318840579710510e+00,1.000000000000000000e+00,3.715555555555555500e+00,4.000000000000000000e+01,6.799999999999999822e+00,2.000000000000000000e+00,7.000000000000000000e+00,1.000000000000000000e+00,0.000000000000000000e+00,0.000000000000000000e+00,0.000000000000000000e+00,1.000000000000000000e+00
1.000000000000000000e+00,1.000000000000000000e+00,5.283431000000000000e+06,3.850000000000000000e+01,6.600000000000000000e+01,2.400000000000000000e+01,1.000000000000000000e+00,1.000000000000000000e+00,1.000000000000000000e+00,1.000000000000000000e+00,3.000000000000000000e+00,3.000000000000000000e+00,1.000000000000000000e+00,2.000000000000000000e+00,1.000000000000000000e+00,4.962318840579710510e+00,4.000000000000000000e+00,5.000000000000000000e+00,4.000000000000000000e+01,6.700000000000000178e+00,1.000000000000000000e+00,2.948120300751879697e+00,1.000000000000000000e+00,3.111000000000000000e+04,0.000000000000000000e+00,0.000000000000000000e+00,1.000000000000000000e+00
2.000000000000000000e+00,1.000000000000000000e+00,5.275212000000000000e+06,3.779999999999999716e+01,8.200000000000000000e+01,1.200000000000000000e+01,3.000000000000000000e+00,1.000000000000000000e+00,1.000000000000000000e+00,2.000000000000000000e+00,4.000000000000000000e+00,2.908227848101265778e+00,3.000000000000000000e+00,1.000000000000000000e+00,3.000000000000000000e+00,4.962318840579710510e+00,2.779166666666666785e+00,3.715555555555555500e+00,5.000000000000000000e+01,7.000000000000000000e+00,2.045977011494252817e+00,2.948120300751879697e+00,3.000000000000000000e+00,2.205000000000000000e+03,0.000000000000000000e+00,0.000000000000000000e+00,2.000000000000000000e+00
2.000000000000000000e+00,9.000000000000000000e+00,5.305129000000000000e+06,3.950000000000000000e+01,8.400000000000000000e+01,3.000000000000000000e+01,2.356435643564356308e+00,1.961403508771929927e+00,2.834375000000000089e+00,1.000000000000000000e+00,2.908196721311475219e+00,2.908227848101265778e+00,2.224422442244224474e+00,1.738396624472573926e+00,1.608510638297872442e+00,4.962318840579710510e+00,2.779166666666666785e+00,3.715555555555555500e+00,2.800000000000000000e+01,5.000000000000000000e+00,2.045977011494252817e+00,2.948120300751879697e+00,1.000000000000000000e+00,0.000000000000000000e+00,0.000000000000000000e+00,0.000000000000000000e+00,2.000000000000000000e+00
1.000000000000000000e+00,1.000000000000000000e+00,5.294280000000000000e+05,3.813444816053511488e+01,7.075730994152046094e+01,3.052188552188552251e+01,2.356435643564356308e+00,1.961403508771929927e+00,2.834375000000000089e+00,1.303030303030302983e+00,2.908196721311475219e+00,2.908227848101265778e+00,2.224422442244224474e+00,1.738396624472573926e+00,1.608510638297872442e+00,4.962318840579710510e+00,2.779166666666666785e+00,3.715555555555555500e+00,4.565679758308156977e+01,2.477107692307692233e+01,2.045977011494252817e+00,2.948120300751879697e+00,1.000000000000000000e+00,2.124000000000000000e+03,0.000000000000000000e+00,0.000000000000000000e+00,2.000000000000000000e+00
1.000000000000000000e+00,1.000000000000000000e+00,5.291260000000000000e+05,3.800000000000000000e+01,5.000000000000000000e+01,3.600000000000000000e+01,2.356435643564356308e+00,1.000000000000000000e+00,1.000000000000000000e+00,1.000000000000000000e+00,3.000000000000000000e+00,2.000000000000000000e+00,2.000000000000000000e+00,1.738396624472573926e+00,1.608510638297872442e+00,4.962318840579710510e+00,3.000000000000000000e+00,3.715555555555555500e+00,3.900000000000000000e+01,6.599999999999999645e+00,1.000000000000000000e+00,5.299999999999999822e+00,1.000000000000000000e+00,8.400000000000000000e+03,0.000000000000000000e+00,0.000000000000000000e+00,1.000000000000000000e+00
2.000000000000000000e+00,1.000000000000000000e+00,5.350540000000000000e+05,3.860000000000000142e+01,4.500000000000000000e+01,1.600000000000000000e+01,2.000000000000000000e+00,1.000000000000000000e+00,2.000000000000000000e+00,1.000000000000000000e+00,1.000000000000000000e+00,1.000000000000000000e+00,2.224422442244224474e+00,1.738396624472573926e+00,1.608510638297872442e+00,4.962318840579710510e+00,1.000000000000000000e+00,1.000000000000000000e+00,4.300000000000000000e+01,5.800000000000000000e+01,2.045977011494252817e+00,2.948120300751879697e+00,1.000000000000000000e+00,0.000000000000000000e+00,0.000000000000000000e+00,0.000000000000000000e+00,2.000000000000000000e+00
1.000000000000000000e+00,1.000000000000000000e+00,5.288900000000000000e+05,3.889999999999999858e+01,8.000000000000000000e+01,4.400000000000000000e+01,3.000000000000000000e+00,3.000000000000000000e+00,3.000000000000000000e+00,1.000000000000000000e+00,2.000000000000000000e+00,3.000000000000000000e+00,3.000000000000000000e+00,2.000000000000000000e+00,2.000000000000000000e+00,7.000000000000000000e+00,3.000000000000000000e+00,1.000000000000000000e+00,5.400000000000000000e+01,6.500000000000000000e+00,3.000000000000000000e+00,2.948120300751879697e+00,2.000000000000000000e+00,7.111000000000000000e+03,0.000000000000000000e+00,0.000000000000000000e+00,2.000000000000000000e+00
1.000000000000000000e+00,1.000000000000000000e+00,5.300340000000000000e+05,3.700000000000000000e+01,6.600000000000000000e+01,2.000000000000000000e+01,1.000000000000000000e+00,3.000000000000000000e+00,2.000000000000000000e+00,1.000000000000000000e+00,4.000000000000000000e+00,3.000000000000000000e+00,3.000000000000000000e+00,1.000000000000000000e+00,1.608510638297872442e+00,4.962318840579710510e+00,1.000000000000000000e+00,5.000000000000000000e+00,3.500000000000000000e+01,6.900000000000000355e+00,2.000000000000000000e+00,2.948120300751879697e+00,2.000000000000000000e+00,3.111000000000000000e+04,0.000000000000000000e+00,0.000000000000000000e+00,2.000000000000000000e+00
1.000000000000000000e+00,1.000000000000000000e+00,5.340040000000000000e+05,3.813444816053511488e+01,7.800000000000000000e+01,2.400000000000000000e+01,3.000000000000000000e+00,3.000000000000000000e+00,3.000000000000000000e+00,1.000000000000000000e+00,2.908196721311475219e+00,3.000000000000000000e+00,2.224422442244224474e+00,2.000000000000000000e+00,1.000000000000000000e+00,4.962318840579710510e+00,2.779166666666666785e+00,4.000000000000000000e+00,4.300000000000000000e+01,6.200000000000000000e+01,2.045977011494252817e+00,2.000000000000000000e+00,3.000000000000000000e+00,2.209000000000000000e+03,0.000000000000000000e+00,0.000000000000000000e+00,2.000000000000000000e+00
2.000000000000000000e+00,1.000000000000000000e+00,5.339020000000000000e+05,3.850000000000000000e+01,4.000000000000000000e+01,1.600000000000000000e+01,1.000000000000000000e+00,1.000000000000000000e+00,1.000000000000000000e+00,1.000000000000000000e+00,2.000000000000000000e+00,1.000000000000000000e+00,1.000000000000000000e+00,1.738396624472573926e+00,1.608510638297872442e+00,4.962318840579710510e+00,3.000000000000000000e+00,2.000000000000000000e+00,3.700000000000000000e+01,6.700000000000000000e+01,2.045977011494252817e+00,2.948120300751879697e+00,1.000000000000000000e+00,0.000000000000000000e+00,0.000000000000000000e+00,0.000000000000000000e+00,2.000000000000000000e+00
1.000000000000000000e+00,1.000000000000000000e+00,5.338860000000000000e+05,3.813444816053511488e+01,1.200000000000000000e+02,7.000000000000000000e+01,4.000000000000000000e+00,1.961403508771929927e+00,4.000000000000000000e+00,2.000000000000000000e+00,2.000000000000000000e+00,4.000000000000000000e+00,2.224422442244224474e+00,1.738396624472573926e+00,1.608510638297872442e+00,4.962318840579710510e+00,2.779166666666666785e+00,5.000000000000000000e+00,5.500000000000000000e+01,6.500000000000000000e+01,2.045977011494252817e+00,2.948120300751879697e+00,3.000000000000000000e+00,3.205000000000000000e+03,0.000000000000000000e+00,0.000000000000000000e+00,2.000000000000000000e+00
2.000000000000000000e+00,1.000000000000000000e+00,5.277020000000000000e+05,3.720000000000000284e+01,7.200000000000000000e+01,2.400000000000000000e+01,3.000000000000000000e+00,2.000000000000000000e+00,4.000000000000000000e+00,2.000000000000000000e+00,4.000000000000000000e+00,3.000000000000000000e+00,3.000000000000000000e+00,3.000000000000000000e+00,1.000000000000000000e+00,4.962318840579710510e+00,4.000000000000000000e+00,4.000000000000000000e+00,4.400000000000000000e+01,2.477107692307692233e+01,3.000000000000000000e+00,3.299999999999999822e+00,3.000000000000000000e+00,2.208000000000000000e+03,0.000000000000000000e+00,0.000000000000000000e+00,1.000000000000000000e+00
1.000000000000000000e+00,1.000000000000000000e+00,5.293860000000000000e+05,3.750000000000000000e+01,7.200000000000000000e+01,3.000000000000000000e+01,4.000000000000000000e+00,3.000000000000000000e+00,4.000000000000000000e+00,1.000000000000000000e+00,4.000000000000000000e+00,4.000000000000000000e+00,3.000000000000000000e+00,2.000000000000000000e+00,1.000000000000000000e+00,4.962318840579710510e+00,3.000000000000000000e+00,5.000000000000000000e+00,6.000000000000000000e+01,6.799999999999999822e+00,2.045977011494252817e+00,2.948120300751879697e+00,2.000000000000000000e+00,3.205000000000000000e+03,0.000000000000000000e+00,0.000000000000000000e+00,2.000000000000000000e+00
1.000000000000000000e+00,1.000000000000000000e+00,5.306120000000000000e+05,3.650000000000000000e+01,1.000000000000000000e+02,2.400000000000000000e+01,3.000000000000000000e+00,3.000000000000000000e+00,3.000000000000000000e+00,1.000000000000000000e+00,3.000000000000000000e+00,3.000000000000000000e+00,3.000000000000000000e+00,3.000000000000000000e+00,1.000000000000000000e+00,4.962318840579710510e+00,4.000000000000000000e+00,4.000000000000000000e+00,5.000000000000000000e+01,6.000000000000000000e+00,3.000000000000000000e+00,3.399999999999999911e+00,1.000000000000000000e+00,2.208000000000000000e+03,0.000000000000000000e+00,0.000000000000000000e+00,1.000000000000000000e+00
1.000000000000000000e+00,1.000000000000000000e+00,5.346180000000000000e+05,3.720000000000000284e+01,4.000000000000000000e+01,2.000000000000000000e+01,2.356435643564356308e+00,1.961403508771929927e+00,2.834375000000000089e+00,1.303030303030302983e+00,2.908196721311475219e+00,2.908227848101265778e+00,2.224422442244224474e+00,1.738396624472573926e+00,1.608510638297872442e+00,4.962318840579710510e+00,4.000000000000000000e+00,1.000000000000000000e+00,3.600000000000000000e+01,6.200000000000000000e+01,1.000000000000000000e+00,1.000000000000000000e+00,3.000000000000000000e+00,6.112000000000000000e+03,0.000000000000000000e+00,0.000000000000000000e+00,2.000000000000000000e+00
2.000000000000000000e+00,1.000000000000000000e+00,5.286260000000000000e+05,3.850000000000000000e+01,5.400000000000000000e+01,2.000000000000000000e+01,2.356435643564356308e+00,1.000000000000000000e+00,2.000000000000000000e+00,2.000000000000000000e+00,3.000000000000000000e+00,4.000000000000000000e+00,1.000000000000000000e+00,2.000000000000000000e+00,2.000000000000000000e+00,5.900000000000000355e+00,2.779166666666666785e+00,2.000000000000000000e+00,4.200000000000000000e+01,6.299999999999999822e+00,2.045977011494252817e+00,2.948120300751879697e+00,1.000000000000000000e+00,3.111000000000000000e+03,0.000000000000000000e+00,0.000000000000000000e+00,1.000000000000000000e+00
2.000000000000000000e+00,1.000000000000000000e+00,5.279500000000000000e+05,3.760000000000000142e+01,4.800000000000000000e+01,3.600000000000000000e+01,2.356435643564356308e+00,1.961403508771929927e+00,1.000000000000000000e+00,1.000000000000000000e+00,2.908196721311475219e+00,3.000000000000000000e+00,2.224422442244224474e+00,1.738396624472573926e+00,1.608510638297872442e+00,4.962318840579710510e+00,2.779166666666666785e+00,3.715555555555555500e+00,4.400000000000000000e+01,6.299999999999999822e+00,1.000000000000000000e+00,5.000000000000000000e+00,1.000000000000000000e+00,3.111000000000000000e+03,0.000000000000000000e+00,0.000000000000000000e+00,1.000000000000000000e+00
1.000000000000000000e+00,1.000000000000000000e+00,5.352630000000000000e+05,3.770000000000000284e+01,4.400000000000000000e+01,2.800000000000000000e+01,2.356435643564356308e+00,4.000000000000000000e+00,3.000000000000000000e+00,2.000000000000000000e+00,5.000000000000000000e+00,4.000000000000000000e+00,4.000000000000000000e+00,1.000000000000000000e+00,1.000000000000000000e+00,4.962318840579710510e+00,3.000000000000000000e+00,5.000000000000000000e+00,4.500000000000000000e+01,7.000000000000000000e+01,3.000000000000000000e+00,2.000000000000000000e+00,1.000000000000000000e+00,3.205000000000000000e+03,0.000000000000000000e+00,0.000000000000000000e+00,2.000000000000000000e+00
1.000000000000000000e+00,1.000000000000000000e+00,5.345230000000000000e+05,3.700000000000000000e+01,5.600000000000000000e+01,2.400000000000000000e+01,3.000000000000000000e+00,1.000000000000000000e+00,4.000000000000000000e+00,2.000000000000000000e+00,4.000000000000000000e+00,4.000000000000000000e+00,3.000000000000000000e+00,1.000000000000000000e+00,1.000000000000000000e+00,4.962318840579710510e+00,2.779166666666666785e+00,3.715555555555555500e+00,3.500000000000000000e+01,6.100000000000000000e+01,3.000000000000000000e+00,2.000000000000000000e+00,3.000000000000000000e+00,2.205000000000000000e+03,2.208000000000000000e+03,0.000000000000000000e+00,2.000000000000000000e+00
2.000000000000000000e+00,1.000000000000000000e+00,5.289260000000000000e+05,3.800000000000000000e+01,4.200000000000000000e+01,1.200000000000000000e+01,3.000000000000000000e+00,1.961403508771929927e+00,3.000000000000000000e+00,1.000000000000000000e+00,1.000000000000000000e+00,2.908227848101265778e+00,1.000000000000000000e+00,1.738396624472573926e+00,1.608510638297872442e+00,4.962318840579710510e+00,2.779166666666666785e+00,2.000000000000000000e+00,3.700000000000000000e+01,5.799999999999999822e+00,2.045977011494252817e+00,2.948120300751879697e+00,1.000000000000000000e+00,3.111000000000000000e+03,0.000000000000000000e+00,0.000000000000000000e+00,2.000000000000000000e+00
1.000000000000000000e+00,1.000000000000000000e+00,5.349220000000000000e+05,3.813444816053511488e+01,6.000000000000000000e+01,4.000000000000000000e+01,3.000000000000000000e+00,1.961403508771929927e+00,1.000000000000000000e+00,1.000000000000000000e+00,2.908196721311475219e+00,4.000000000000000000e+00,2.224422442244224474e+00,3.000000000000000000e+00,2.000000000000000000e+00,4.962318840579710510e+00,2.779166666666666785e+00,5.000000000000000000e+00,4.200000000000000000e+01,7.200000000000000000e+01,2.045977011494252817e+00,2.948120300751879697e+00,1.000000000000000000e+00,3.111000000000000000e+03,0.000000000000000000e+00,0.000000000000000000e+00,2.000000000000000000e+00
2.000000000000000000e+00,1.000000000000000000e+00,5.276420000000000000e+05,3.839999999999999858e+01,8.000000000000000000e+01,6.000000000000000000e+01,3.000000000000000000e+00,2.000000000000000000e+00,2.000000000000000000e+00,1.000000000000000000e+00,3.000000000000000000e+00,2.000000000000000000e+00,1.000000000000000000e+00,2.000000000000000000e+00,2.000000000000000000e+00,4.962318840579710510e+00,1.000000000000000000e+00,1.000000000000000000e+00,5.400000000000000000e+01,6.900000000000000355e+00,2.045977011494252817e+00,2.948120300751879697e+00,1.000000000000000000e+00,0.000000000000000000e+00,0.000000000000000000e+00,0.000000000000000000e+00,2.000000000000000000e+00
2.000000000000000000e+00,1.000000000000000000e+00,5.279821000000000000e+06,3.779999999999999716e+01,4.800000000000000000e+01,1.200000000000000000e+01,2.000000000000000000e+00,1.000000000000000000e+00,2.000000000000000000e+00,1.000000000000000000e+00,3.000000000000000000e+00,2.908227848101265778e+00,1.000000000000000000e+00,2.000000000000000000e+00,1.608510638297872442e+00,4.962318840579710510e+00,2.000000000000000000e+00,3.715555555555555500e+00,4.800000000000000000e+01,7.299999999999999822e+00,1.000000000000000000e+00,2.948120300751879697e+00,1.000000000000000000e+00,0.000000000000000000e+00,0.000000000000000000e+00,0.000000000000000000e+00,1.000000000000000000e+00
1.415300546448087449e+00,1.000000000000000000e+00,5.347900000000000000e+05,3.800000000000000000e+01,6.500000000000000000e+01,4.000000000000000000e+01,2.356435643564356308e+00,1.000000000000000000e+00,4.000000000000000000e+00,2.000000000000000000e+00,2.000000000000000000e+00,2.908227848101265778e+00,2.224422442244224474e+00,1.738396624472573926e+00,1.608510638297872442e+00,4.962318840579710510e+00,2.779166666666666785e+00,5.000000000000000000e+00,4.565679758308156977e+01,2.477107692307692233e+01,2.045977011494252817e+00,2.948120300751879697e+00,1.527322404371584730e+00,3.111000000000000000e+03,3.205000000000000000e+03,0.000000000000000000e+00,2.000000000000000000e+00
2.000000000000000000e+00,1.000000000000000000e+00,5.275211000000000000e+06,3.789999999999999858e+01,4.500000000000000000e+01,3.600000000000000000e+01,3.000000000000000000e+00,3.000000000000000000e+00,3.000000000000000000e+00,2.000000000000000000e+00,2.000000000000000000e+00,3.000000000000000000e+00,1.000000000000000000e+00,2.000000000000000000e+00,1.000000000000000000e+00,4.962318840579710510e+00,3.000000000000000000e+00,3.715555555555555500e+00,3.300000000000000000e+01,5.700000000000000178e+00,3.000000000000000000e+00,2.948120300751879697e+00,1.000000000000000000e+00,2.205000000000000000e+03,0.000000000000000000e+00,0.000000000000000000e+00,1.000000000000000000e+00
2.000000000000000000e+00,1.000000000000000000e+00,5.278332000000000000e+06,3.900000000000000000e+01,8.400000000000000000e+01,1.200000000000000000e+01,3.000000000000000000e+00,1.000000000000000000e+00,5.000000000000000000e+00,1.000000000000000000e+00,2.000000000000000000e+00,4.000000000000000000e+00,2.000000000000000000e+00,1.000000000000000000e+00,2.000000000000000000e+00,7.000000000000000000e+00,2.779166666666666785e+00,4.000000000000000000e+00,6.200000000000000000e+01,5.900000000000000355e+00,2.000000000000000000e+00,2.200000000000000178e+00,2.000000000000000000e+00,2.208000000000000000e+03,0.000000000000000000e+00,0.000000000000000000e+00,1.000000000000000000e+00
2.000000000000000000e+00,1.000000000000000000e+00,5.289590000000000000e+05,3.820000000000000284e+01,6.000000000000000000e+01,2.400000000000000000e+01,3.000000000000000000e+00,1.000000000000000000e+00,3.000000000000000000e+00,2.000000000000000000e+00,3.000000000000000000e+00,3.000000000000000000e+00,2.000000000000000000e+00,3.000000000000000000e+00,3.000000000000000000e+00,4.962318840579710510e+00,4.000000000000000000e+00,4.000000000000000000e+00,5.300000000000000000e+01,7.500000000000000000e+00,2.000000000000000000e+00,1.399999999999999911e+00,1.000000000000000000e+00,1.124000000000000000e+03,0.000000000000000000e+00,0.000000000000000000e+00,1.000000000000000000e+00
1.000000000000000000e+00,1.000000000000000000e+00,5.349210000000000000e+05,3.813444816053511488e+01,1.400000000000000000e+02,3.052188552188552251e+01,2.356435643564356308e+00,1.961403508771929927e+00,4.000000000000000000e+00,2.000000000000000000e+00,5.000000000000000000e+00,4.000000000000000000e+00,4.000000000000000000e+00,1.000000000000000000e+00,1.000000000000000000e+00,4.962318840579710510e+00,2.779166666666666785e+00,5.000000000000000000e+00,3.000000000000000000e+01,6.900000000000000000e+01,2.045977011494252817e+00,2.948120300751879697e+00,2.000000000000000000e+00,6.112000000000000000e+03,0.000000000000000000e+00,0.000000000000000000e+00,2.000000000000000000e+00
1.000000000000000000e+00,1.000000000000000000e+00,5.289990000000000000e+05,3.789999999999999858e+01,1.200000000000000000e+02,6.000000000000000000e+01,3.000000000000000000e+00,3.000000000000000000e+00,3.000000000000000000e+00,1.000000000000000000e+00,5.000000000000000000e+00,4.000000000000000000e+00,4.000000000000000000e+00,2.000000000000000000e+00,2.000000000000000000e+00,7.500000000000000000e+00,4.000000000000000000e+00,5.000000000000000000e+00,5.200000000000000000e+01,6.599999999999999645e+00,3.000000000000000000e+00,1.800000000000000044e+00,2.000000000000000000e+00,3.205000000000000000e+03,0.000000000000000000e+00,0.000000000000000000e+00,1.000000000000000000e+00
2.000000000000000000e+00,1.000000000000000000e+00,5.280670000000000000e+05,3.800000000000000000e+01,7.200000000000000000e+01,3.600000000000000000e+01,1.000000000000000000e+00,1.000000000000000000e+00,3.000000000000000000e+00,1.000000000000000000e+00,3.000000000000000000e+00,2.908227848101265778e+00,2.000000000000000000e+00,2.000000000000000000e+00,1.000000000000000000e+00,4.962318840579710510e+00,3.000000000000000000e+00,5.000000000000000000e+00,3.800000000000000000e+01,6.799999999999999822e+00,2.000000000000000000e+00,2.000000000000000000e+00,1.000000000000000000e+00,3.124000000000000000e+03,0.000000000000000000e+00,0.000000000000000000e+00,1.000000000000000000e+00
2.000000000000000000e+00,9.000000000000000000e+00,5.291329000000000000e+06,3.800000000000000000e+01,9.200000000000000000e+01,2.800000000000000000e+01,1.000000000000000000e+00,1.000000000000000000e+00,2.000000000000000000e+00,1.000000000000000000e+00,1.000000000000000000e+00,3.000000000000000000e+00,2.000000000000000000e+00,3.000000000000000000e+00,1.608510638297872442e+00,7.200000000000000178e+00,2.779166666666666785e+00,3.715555555555555500e+00,3.700000000000000000e+01,6.099999999999999645e+00,1.000000000000000000e+00,1.100000000000000089e+00,1.000000000000000000e+00,0.000000000000000000e+00,0.000000000000000000e+00,0.000000000000000000e+00,1.000000000000000000e+00
1.000000000000000000e+00,1.000000000000000000e+00,5.294780000000000000e+05,3.829999999999999716e+01,6.600000000000000000e+01,3.000000000000000000e+01,2.000000000000000000e+00,3.000000000000000000e+00,1.000000000000000000e+00,1.000000000000000000e+00,2.000000000000000000e+00,4.000000000000000000e+00,3.000000000000000000e+00,3.000000000000000000e+00,2.000000000000000000e+00,8.500000000000000000e+00,4.000000000000000000e+00,5.000000000000000000e+00,3.700000000000000000e+01,6.000000000000000000e+00,2.045977011494252817e+00,2.948120300751879697e+00,1.000000000000000000e+00,5.111000000000000000e+03,0.000000000000000000e+00,0.000000000000000000e+00,2.000000000000000000e+00
2.000000000000000000e+00,1.000000000000000000e+00,5.299910000000000000e+05,3.750000000000000000e+01,4.800000000000000000e+01,2.400000000000000000e+01,3.000000000000000000e+00,1.000000000000000000e+00,1.000000000000000000e+00,1.000000000000000000e+00,2.000000000000000000e+00,1.000000000000000000e+00,2.224422442244224474e+00,1.000000000000000000e+00,1.000000000000000000e+00,4.962318840579710510e+00,3.000000000000000000e+00,2.000000000000000000e+00,4.300000000000000000e+01,6.000000000000000000e+00,1.000000000000000000e+00,2.799999999999999822e+00,1.000000000000000000e+00,7.111000000000000000e+03,0.000000000000000000e+00,0.000000000000000000e+00,1.000000000000000000e+00
1.000000000000000000e+00,1.000000000000000000e+00,5.300330000000000000e+05,3.750000000000000000e+01,8.800000000000000000e+01,2.000000000000000000e+01,2.000000000000000000e+00,3.000000000000000000e+00,3.000000000000000000e+00,1.000000000000000000e+00,4.000000000000000000e+00,3.000000000000000000e+00,3.000000000000000000e+00,1.738396624472573926e+00,1.608510638297872442e+00,4.962318840579710510e+00,2.779166666666666785e+00,3.715555555555555500e+00,3.500000000000000000e+01,6.400000000000000355e+00,1.000000000000000000e+00,2.948120300751879697e+00,2.000000000000000000e+00,2.205000000000000000e+03,0.000000000000000000e+00,0.000000000000000000e+00,2.000000000000000000e+00
2.000000000000000000e+00,9.000000000000000000e+00,5.299049000000000000e+06,3.813444816053511488e+01,1.500000000000000000e+02,6.000000000000000000e+01,4.000000000000000000e+00,4.000000000000000000e+00,4.000000000000000000e+00,2.000000000000000000e+00,5.000000000000000000e+00,4.000000000000000000e+00,4.000000000000000000e+00,1.738396624472573926e+00,1.608510638297872442e+00,4.962318840579710510e+00,2.779166666666666785e+00,3.715555555555555500e+00,4.565679758308156977e+01,2.477107692307692233e+01,2.045977011494252817e+00,2.948120300751879697e+00,2.000000000000000000e+00,1.400000000000000000e+03,0.000000000000000000e+00,0.000000000000000000e+00,2.000000000000000000e+00
1.000000000000000000e+00,1.000000000000000000e+00,5.344970000000000000e+05,3.970000000000000284e+01,1.000000000000000000e+02,3.000000000000000000e+01,2.356435643564356308e+00,1.961403508771929927e+00,6.000000000000000000e+00,2.000000000000000000e+00,4.000000000000000000e+00,4.000000000000000000e+00,3.000000000000000000e+00,1.000000000000000000e+00,1.608510638297872442e+00,4.962318840579710510e+00,4.000000000000000000e+00,5.000000000000000000e+00,6.500000000000000000e+01,7.500000000000000000e+01,2.045977011494252817e+00,2.948120300751879697e+00,3.000000000000000000e+00,3.205000000000000000e+03,0.000000000000000000e+00,0.000000000000000000e+00,2.000000000000000000e+00
1.000000000000000000e+00,1.000000000000000000e+00,5.283690000000000000e+05,3.829999999999999716e+01,8.000000000000000000e+01,3.052188552188552251e+01,3.000000000000000000e+00,3.000000000000000000e+00,4.000000000000000000e+00,2.000000000000000000e+00,5.000000000000000000e+00,4.000000000000000000e+00,3.000000000000000000e+00,2.000000000000000000e+00,1.000000000000000000e+00,4.962318840579710510e+00,4.000000000000000000e+00,4.000000000000000000e+00,4.500000000000000000e+01,7.500000000000000000e+00,2.000000000000000000e+00,4.599999999999999645e+00,1.000000000000000000e+00,3.209000000000000000e+03,0.000000000000000000e+00,0.000000000000000000e+00,1.000000000000000000e+00
2.000000000000000000e+00,1.000000000000000000e+00,5.301070000000000000e+05,3.750000000000000000e+01,4.000000000000000000e+01,3.200000000000000000e+01,3.000000000000000000e+00,1.000000000000000000e+00,3.000000000000000000e+00,1.000000000000000000e+00,3.000000000000000000e+00,2.000000000000000000e+00,3.000000000000000000e+00,2.000000000000000000e+00,1.000000000000000000e+00,4.962318840579710510e+00,2.779166666666666785e+00,5.000000000000000000e+00,3.200000000000000000e+01,6.400000000000000355e+00,1.000000000000000000e+00,1.100000000000000089e+00,1.000000000000000000e+00,3.124000000000000000e+03,0.000000000000000000e+00,0.000000000000000000e+00,1.000000000000000000e+00
1.000000000000000000e+00,1.000000000000000000e+00,5.302390000000000000e+05,3.839999999999999858e+01,8.400000000000000000e+01,3.000000000000000000e+01,3.000000000000000000e+00,1.000000000000000000e+00,5.000000000000000000e+00,2.000000000000000000e+00,4.000000000000000000e+00,3.000000000000000000e+00,3.000000000000000000e+00,2.000000000000000000e+00,3.000000000000000000e+00,6.500000000000000000e+00,4.000000000000000000e+00,4.000000000000000000e+00,4.700000000000000000e+01,7.500000000000000000e+00,3.000000000000000000e+00,2.948120300751879697e+00,2.000000000000000000e+00,6.111000000000000000e+03,0.000000000000000000e+00,0.000000000000000000e+00,2.000000000000000000e+00
1.000000000000000000e+00,1.000000000000000000e+00,5.305050000000000000e+05,3.810000000000000142e+01,8.400000000000000000e+01,4.400000000000000000e+01,4.000000000000000000e+00,1.961403508771929927e+00,4.000000000000000000e+00,2.000000000000000000e+00,5.000000000000000000e+00,3.000000000000000000e+00,1.000000000000000000e+00,1.000000000000000000e+00,3.000000000000000000e+00,5.000000000000000000e+00,2.779166666666666785e+00,4.000000000000000000e+00,6.000000000000000000e+01,6.799999999999999822e+00,2.045977011494252817e+00,5.700000000000000178e+00,2.000000000000000000e+00,2.209000000000000000e+03,0.000000000000000000e+00,0.000000000000000000e+00,1.000000000000000000e+00
2.000000000000000000e+00,1.000000000000000000e+00,5.295670000000000000e+05,3.870000000000000284e+01,5.200000000000000000e+01,3.052188552188552251e+01,1.000000000000000000e+00,1.000000000000000000e+00,1.000000000000000000e+00,1.000000000000000000e+00,1.000000000000000000e+00,3.000000000000000000e+00,1.000000000000000000e+00,1.738396624472573926e+00,1.608510638297872442e+00,4.962318840579710510e+00,1.000000000000000000e+00,3.000000000000000000e+00,4.000000000000000000e+00,7.400000000000000000e+01,2.045977011494252817e+00,2.948120300751879697e+00,1.000000000000000000e+00,0.000000000000000000e+00,0.000000000000000000e+00,0.000000000000000000e+00,2.000000000000000000e+00
2.000000000000000000e+00,1.000000000000000000e+00,5.295970000000000000e+05,3.810000000000000142e+01,4.400000000000000000e+01,4.000000000000000000e+01,2.000000000000000000e+00,1.000000000000000000e+00,3.000000000000000000e+00,1.000000000000000000e+00,3.000000000000000000e+00,3.000000000000000000e+00,1.000000000000000000e+00,1.738396624472573926e+00,1.608510638297872442e+00,4.962318840579710510e+00,1.000000000000000000e+00,3.000000000000000000e+00,3.500000000000000000e+01,6.799999999999999822e+00,2.045977011494252817e+00,2.948120300751879697e+00,1.000000000000000000e+00,0.000000000000000000e+00,0.000000000000000000e+00,0.000000000000000000e+00,2.000000000000000000e+00
2.000000000000000000e+00,1.000000000000000000e+00,5.344290000000000000e+05,3.839999999999999858e+01,5.200000000000000000e+01,2.000000000000000000e+01,2.000000000000000000e+00,1.000000000000000000e+00,3.000000000000000000e+00,1.000000000000000000e+00,1.000000000000000000e+00,3.000000000000000000e+00,2.000000000000000000e+00,2.000000000000000000e+00,1.000000000000000000e+00,4.962318840579710510e+00,3.000000000000000000e+00,5.000000000000000000e+00,4.100000000000000000e+01,6.300000000000000000e+01,1.000000000000000000e+00,1.000000000000000000e+00,1.000000000000000000e+00,0.000000000000000000e+00,0.000000000000000000e+00,0.000000000000000000e+00,2.000000000000000000e+00
1.000000000000000000e+00,1.000000000000000000e+00,5.296290000000000000e+05,3.820000000000000284e+01,6.000000000000000000e+01,3.052188552188552251e+01,1.000000000000000000e+00,1.961403508771929927e+00,3.000000000000000000e+00,1.000000000000000000e+00,2.000000000000000000e+00,1.000000000000000000e+00,1.000000000000000000e+00,1.000000000000000000e+00,1.000000000000000000e+00,4.962318840579710510e+00,4.000000000000000000e+00,4.000000000000000000e+00,4.300000000000000000e+01,6.200000000000000178e+00,2.000000000000000000e+00,3.899999999999999911e+00,1.000000000000000000e+00,2.206000000000000000e+03,0.000000000000000000e+00,0.000000000000000000e+00,1.000000000000000000e+00
2.000000000000000000e+00,1.000000000000000000e+00,5.283820000000000000e+05,3.770000000000000284e+01,4.000000000000000000e+01,1.800000000000000000e+01,1.000000000000000000e+00,1.000000000000000000e+00,1.000000000000000000e+00,1.303030303030302983e+00,3.000000000000000000e+00,2.000000000000000000e+00,1.000000000000000000e+00,1.000000000000000000e+00,1.000000000000000000e+00,4.962318840579710510e+00,3.000000000000000000e+00,3.000000000000000000e+00,3.600000000000000000e+01,3.500000000000000000e+00,2.045977011494252817e+00,2.948120300751879697e+00,1.000000000000000000e+00,4.000000000000000000e+02,0.000000000000000000e+00,0.000000000000000000e+00,2.000000000000000000e+00
1.000000000000000000e+00,1.000000000000000000e+00,5.348980000000000000e+05,3.910000000000000142e+01,6.000000000000000000e+01,1.000000000000000000e+01,2.356435643564356308e+00,1.000000000000000000e+00,1.000000000000000000e+00,1.303030303030302983e+00,2.000000000000000000e+00,3.000000000000000000e+00,2.224422442244224474e+00,1.738396624472573926e+00,1.608510638297872442e+00,4.962318840579710510e+00,4.000000000000000000e+00,4.000000000000000000e+00,4.565679758308156977e+01,2.477107692307692233e+01,2.045977011494252817e+00,2.948120300751879697e+00,1.000000000000000000e+00,2.113000000000000000e+03,0.000000000000000000e+00,0.000000000000000000e+00,2.000000000000000000e+00
2.000000000000000000e+00,1.000000000000000000e+00,5.296150000000000000e+05,3.779999999999999716e+01,4.800000000000000000e+01,1.600000000000000000e+01,1.000000000000000000e+00,1.000000000000000000e+00,1.000000000000000000e+00,1.000000000000000000e+00,2.908196721311475219e+00,1.000000000000000000e+00,1.000000000000000000e+00,2.000000000000000000e+00,1.000000000000000000e+00,4.962318840579710510e+00,4.000000000000000000e+00,3.000000000000000000e+00,4.300000000000000000e+01,7.500000000000000000e+00,2.045977011494252817e+00,2.948120300751879697e+00,1.000000000000000000e+00,0.000000000000000000e+00,0.000000000000000000e+00,0.000000000000000000e+00,2.000000000000000000e+00
1.000000000000000000e+00,1.000000000000000000e+00,5.260900000000000000e+05,3.900000000000000000e+01,1.200000000000000000e+02,3.052188552188552251e+01,4.000000000000000000e+00,3.000000000000000000e+00,5.000000000000000000e+00,2.000000000000000000e+00,2.000000000000000000e+00,4.000000000000000000e+00,3.000000000000000000e+00,2.000000000000000000e+00,3.000000000000000000e+00,8.000000000000000000e+00,2.779166666666666785e+00,3.715555555555555500e+00,6.500000000000000000e+01,8.199999999999999289e+00,3.000000000000000000e+00,4.599999999999999645e+00,1.000000000000000000e+00,5.110000000000000000e+03,0.000000000000000000e+00,0.000000000000000000e+00,2.000000000000000000e+00
1.000000000000000000e+00,1.000000000000000000e+00,5.297650000000000000e+05,3.820000000000000284e+01,7.600000000000000000e+01,3.052188552188552251e+01,2.000000000000000000e+00,3.000000000000000000e+00,2.000000000000000000e+00,1.000000000000000000e+00,5.000000000000000000e+00,3.000000000000000000e+00,3.000000000000000000e+00,1.000000000000000000e+00,2.000000000000000000e+00,6.000000000000000000e+00,1.000000000000000000e+00,5.000000000000000000e+00,3.500000000000000000e+01,6.500000000000000000e+00,2.000000000000000000e+00,9.000000000000000222e-01,1.000000000000000000e+00,3.205000000000000000e+03,0.000000000000000000e+00,0.000000000000000000e+00,1.000000000000000000e+00
2.000000000000000000e+00,1.000000000000000000e+00,5.283100000000000000e+05,3.829999999999999716e+01,8.800000000000000000e+01,3.052188552188552251e+01,2.356435643564356308e+00,1.961403508771929927e+00,6.000000000000000000e+00,1.303030303030302983e+00,2.908196721311475219e+00,2.908227848101265778e+00,2.224422442244224474e+00,1.738396624472573926e+00,1.608510638297872442e+00,4.962318840579710510e+00,2.779166666666666785e+00,3.715555555555555500e+00,4.565679758308156977e+01,2.477107692307692233e+01,2.045977011494252817e+00,2.948120300751879697e+00,2.000000000000000000e+00,2.300000000000000000e+03,0.000000000000000000e+00,0.000000000000000000e+00,2.000000000000000000e+00
1.000000000000000000e+00,1.000000000000000000e+00,5.299250000000000000e+05,3.800000000000000000e+01,8.000000000000000000e+01,3.000000000000000000e+01,3.000000000000000000e+00,3.000000000000000000e+00,3.000000000000000000e+00,1.000000000000000000e+00,2.908196721311475219e+00,2.908227848101265778e+00,2.224422442244224474e+00,1.738396624472573926e+00,1.608510638297872442e+00,6.000000000000000000e+00,2.779166666666666785e+00,3.715555555555555500e+00,4.800000000000000000e+01,8.300000000000000711e+00,2.045977011494252817e+00,4.299999999999999822e+00,1.000000000000000000e+00,2.111000000000000000e+03,0.000000000000000000e+00,0.000000000000000000e+00,2.000000000000000000e+00
1.000000000000000000e+00,1.000000000000000000e+00,5.278070000000000000e+05,3.813444816053511488e+01,7.075730994152046094e+01,3.052188552188552251e+01,3.000000000000000000e+00,1.000000000000000000e+00,1.000000000000000000e+00,1.000000000000000000e+00,2.000000000000000000e+00,3.000000000000000000e+00,3.000000000000000000e+00,1.000000000000000000e+00,3.000000000000000000e+00,6.000000000000000000e+00,4.000000000000000000e+00,4.000000000000000000e+00,4.565679758308156977e+01,2.477107692307692233e+01,2.000000000000000000e+00,2.948120300751879697e+00,2.000000000000000000e+00,2.113000000000000000e+03,0.000000000000000000e+00,0.000000000000000000e+00,1.000000000000000000e+00
1.000000000000000000e+00,1.000000000000000000e+00,5.281441000000000000e+06,3.760000000000000142e+01,4.000000000000000000e+01,3.052188552188552251e+01,1.000000000000000000e+00,1.000000000000000000e+00,1.000000000000000000e+00,1.000000000000000000e+00,1.000000000000000000e+00,1.000000000000000000e+00,1.000000000000000000e+00,1.738396624472573926e+00,1.608510638297872442e+00,4.962318840579710510e+00,1.000000000000000000e+00,1.000000000000000000e+00,4.565679758308156977e+01,2.477107692307692233e+01,2.000000000000000000e+00,2.100000000000000089e+00,1.000000000000000000e+00,3.111000000000000000e+04,0.000000000000000000e+00,0.000000000000000000e+00,1.000000000000000000e+00
2.000000000000000000e+00,1.000000000000000000e+00,5.306950000000000000e+05,3.750000000000000000e+01,4.400000000000000000e+01,3.052188552188552251e+01,1.000000000000000000e+00,1.000000000000000000e+00,1.000000000000000000e+00,1.000000000000000000e+00,3.000000000000000000e+00,3.000000000000000000e+00,2.000000000000000000e+00,1.738396624472573926e+00,1.608510638297872442e+00,4.962318840579710510e+00,2.779166666666666785e+00,3.715555555555555500e+00,4.500000000000000000e+01,5.799999999999999822e+00,2.000000000000000000e+00,1.399999999999999911e+00,1.000000000000000000e+00,3.111000000000000000e+03,0.000000000000000000e+00,0.000000000000000000e+00,1.000000000000000000e+00
2.000000000000000000e+00,1.000000000000000000e+00,5.338890000000000000e+05,3.820000000000000284e+01,4.200000000000000000e+01,1.600000000000000000e+01,1.000000000000000000e+00,1.000000000000000000e+00,3.000000000000000000e+00,1.000000000000000000e+00,1.000000000000000000e+00,3.000000000000000000e+00,1.000000000000000000e+00,1.738396624472573926e+00,1.608510638297872442e+00,4.962318840579710510e+00,1.000000000000000000e+00,3.715555555555555500e+00,3.500000000000000000e+01,6.000000000000000000e+01,1.000000000000000000e+00,1.000000000000000000e+00,1.000000000000000000e+00,0.000000000000000000e+00,0.000000000000000000e+00,0.000000000000000000e+00,2.000000000000000000e+00
2.000000000000000000e+00,1.000000000000000000e+00,5.338150000000000000e+05,3.800000000000000000e+01,5.600000000000000000e+01,4.400000000000000000e+01,3.000000000000000000e+00,3.000000000000000000e+00,3.000000000000000000e+00,1.303030303030302983e+00,2.908196721311475219e+00,1.000000000000000000e+00,1.000000000000000000e+00,2.000000000000000000e+00,1.000000000000000000e+00,4.962318840579710510e+00,4.000000000000000000e+00,3.715555555555555500e+00,4.700000000000000000e+01,7.000000000000000000e+01,2.000000000000000000e+00,1.000000000000000000e+00,1.000000000000000000e+00,0.000000000000000000e+00,0.000000000000000000e+00,0.000000000000000000e+00,2.000000000000000000e+00
2.000000000000000000e+00,1.000000000000000000e+00,5.276640000000000000e+05,3.829999999999999716e+01,4.500000000000000000e+01,2.000000000000000000e+01,3.000000000000000000e+00,3.000000000000000000e+00,2.000000000000000000e+00,2.000000000000000000e+00,2.000000000000000000e+00,4.000000000000000000e+00,1.000000000000000000e+00,2.000000000000000000e+00,1.608510638297872442e+00,4.962318840579710510e+00,4.000000000000000000e+00,3.715555555555555500e+00,4.565679758308156977e+01,2.477107692307692233e+01,2.045977011494252817e+00,2.948120300751879697e+00,1.000000000000000000e+00,0.000000000000000000e+00,0.000000000000000000e+00,0.000000000000000000e+00,2.000000000000000000e+00
1.000000000000000000e+00,1.000000000000000000e+00,5.262542000000000000e+06,3.813444816053511488e+01,4.800000000000000000e+01,9.600000000000000000e+01,1.000000000000000000e+00,1.000000000000000000e+00,3.000000000000000000e+00,1.000000000000000000e+00,2.908196721311475219e+00,4.000000000000000000e+00,1.000000000000000000e+00,2.000000000000000000e+00,1.000000000000000000e+00,4.962318840579710510e+00,1.000000000000000000e+00,4.000000000000000000e+00,4.200000000000000000e+01,8.000000000000000000e+00,1.000000000000000000e+00,2.948120300751879697e+00,1.000000000000000000e+00,2.208000000000000000e+03,0.000000000000000000e+00,0.000000000000000000e+00,2.000000000000000000e+00
1.000000000000000000e+00,1.000000000000000000e+00,5.282680000000000000e+05,3.770000000000000284e+01,5.500000000000000000e+01,2.800000000000000000e+01,2.000000000000000000e+00,1.000000000000000000e+00,2.000000000000000000e+00,1.000000000000000000e+00,2.000000000000000000e+00,3.000000000000000000e+00,3.000000000000000000e+00,1.738396624472573926e+00,3.000000000000000000e+00,5.000000000000000000e+00,4.000000000000000000e+00,5.000000000000000000e+00,4.565679758308156977e+01,2.477107692307692233e+01,2.045977011494252817e+00,2.948120300751879697e+00,1.000000000000000000e+00,3.209000000000000000e+03,0.000000000000000000e+00,0.000000000000000000e+00,2.000000000000000000e+00
2.000000000000000000e+00,1.000000000000000000e+00,5.289190000000000000e+05,3.600000000000000000e+01,1.000000000000000000e+02,2.000000000000000000e+01,4.000000000000000000e+00,3.000000000000000000e+00,6.000000000000000000e+00,2.000000000000000000e+00,2.000000000000000000e+00,4.000000000000000000e+00,3.000000000000000000e+00,1.000000000000000000e+00,1.000000000000000000e+00,4.962318840579710510e+00,4.000000000000000000e+00,5.000000000000000000e+00,7.400000000000000000e+01,5.700000000000000178e+00,2.000000000000000000e+00,2.500000000000000000e+00,3.000000000000000000e+00,3.205000000000000000e+03,0.000000000000000000e+00,0.000000000000000000e+00,1.000000000000000000e+00
1.000000000000000000e+00,1.000000000000000000e+00,5.274940000000000000e+05,3.710000000000000142e+01,6.000000000000000000e+01,2.000000000000000000e+01,2.000000000000000000e+00,1.961403508771929927e+00,4.000000000000000000e+00,1.000000000000000000e+00,3.000000000000000000e+00,2.908227848101265778e+00,3.000000000000000000e+00,1.738396624472573926e+00,2.000000000000000000e+00,5.000000000000000000e+00,3.000000000000000000e+00,4.000000000000000000e+00,6.400000000000000000e+01,8.500000000000000000e+00,2.000000000000000000e+00,2.948120300751879697e+00,1.000000000000000000e+00,7.111000000000000000e+03,0.000000000000000000e+00,0.000000000000000000e+00,1.000000000000000000e+00
2.000000000000000000e+00,1.000000000000000000e+00,5.299800000000000000e+05,3.710000000000000142e+01,1.140000000000000000e+02,4.000000000000000000e+01,3.000000000000000000e+00,1.961403508771929927e+00,3.000000000000000000e+00,2.000000000000000000e+00,2.000000000000000000e+00,2.000000000000000000e+00,1.000000000000000000e+00,1.738396624472573926e+00,1.608510638297872442e+00,4.962318840579710510e+00,2.779166666666666785e+00,3.000000000000000000e+00,3.200000000000000000e+01,2.477107692307692233e+01,3.000000000000000000e+00,6.500000000000000000e+00,1.000000000000000000e+00,4.000000000000000000e+02,0.000000000000000000e+00,0.000000000000000000e+00,2.000000000000000000e+00
1.000000000000000000e+00,1.000000000000000000e+00,5.339540000000000000e+05,3.810000000000000142e+01,7.200000000000000000e+01,3.000000000000000000e+01,3.000000000000000000e+00,3.000000000000000000e+00,3.000000000000000000e+00,1.000000000000000000e+00,4.000000000000000000e+00,4.000000000000000000e+00,3.000000000000000000e+00,2.000000000000000000e+00,1.000000000000000000e+00,4.962318840579710510e+00,3.000000000000000000e+00,5.000000000000000000e+00,3.700000000000000000e+01,5.600000000000000000e+01,3.000000000000000000e+00,1.000000000000000000e+00,1.000000000000000000e+00,4.206000000000000000e+03,0.000000000000000000e+00,0.000000000000000000e+00,2.000000000000000000e+00
1.000000000000000000e+00,1.000000000000000000e+00,5.281092000000000000e+06,3.700000000000000000e+01,4.400000000000000000e+01,1.200000000000000000e+01,3.000000000000000000e+00,1.000000000000000000e+00,1.000000000000000000e+00,2.000000000000000000e+00,1.000000000000000000e+00,1.000000000000000000e+00,1.000000000000000000e+00,1.738396624472573926e+00,1.608510638297872442e+00,4.962318840579710510e+00,4.000000000000000000e+00,2.000000000000000000e+00,4.000000000000000000e+01,6.700000000000000178e+00,3.000000000000000000e+00,8.000000000000000000e+00,1.000000000000000000e+00,2.208000000000000000e+03,0.000000000000000000e+00,0.000000000000000000e+00,2.000000000000000000e+00
1.000000000000000000e+00,1.000000000000000000e+00,5.346860000000000000e+05,3.860000000000000142e+01,4.800000000000000000e+01,2.000000000000000000e+01,3.000000000000000000e+00,1.000000000000000000e+00,1.000000000000000000e+00,1.000000000000000000e+00,4.000000000000000000e+00,3.000000000000000000e+00,1.000000000000000000e+00,1.738396624472573926e+00,1.608510638297872442e+00,4.962318840579710510e+00,3.000000000000000000e+00,3.715555555555555500e+00,3.700000000000000000e+01,7.500000000000000000e+01,2.045977011494252817e+00,2.948120300751879697e+00,1.000000000000000000e+00,3.111000000000000000e+03,0.000000000000000000e+00,0.000000000000000000e+00,2.000000000000000000e+00
1.000000000000000000e+00,1.000000000000000000e+00,5.344750000000000000e+05,3.813444816053511488e+01,8.200000000000000000e+01,7.200000000000000000e+01,3.000000000000000000e+00,1.000000000000000000e+00,4.000000000000000000e+00,1.000000000000000000e+00,2.000000000000000000e+00,3.000000000000000000e+00,3.000000000000000000e+00,1.738396624472573926e+00,3.000000000000000000e+00,4.962318840579710510e+00,4.000000000000000000e+00,4.000000000000000000e+00,5.300000000000000000e+01,6.500000000000000000e+01,3.000000000000000000e+00,2.000000000000000000e+00,3.000000000000000000e+00,2.209000000000000000e+03,3.205000000000000000e+03,0.000000000000000000e+00,2.000000000000000000e+00
1.000000000000000000e+00,9.000000000000000000e+00,5.274919000000000000e+06,3.820000000000000284e+01,7.800000000000000000e+01,6.000000000000000000e+01,4.000000000000000000e+00,4.000000000000000000e+00,6.000000000000000000e+00,1.303030303030302983e+00,3.000000000000000000e+00,3.000000000000000000e+00,3.000000000000000000e+00,1.738396624472573926e+00,1.608510638297872442e+00,4.962318840579710510e+00,1.000000000000000000e+00,3.715555555555555500e+00,5.900000000000000000e+01,5.799999999999999822e+00,3.000000000000000000e+00,3.100000000000000089e+00,2.000000000000000000e+00,1.400000000000000000e+03,0.000000000000000000e+00,0.000000000000000000e+00,1.000000000000000000e+00
2.000000000000000000e+00,1.000000000000000000e+00,5.338150000000000000e+05,3.779999999999999716e+01,6.000000000000000000e+01,1.600000000000000000e+01,1.000000000000000000e+00,1.000000000000000000e+00,3.000000000000000000e+00,1.000000000000000000e+00,2.000000000000000000e+00,3.000000000000000000e+00,2.000000000000000000e+00,1.000000000000000000e+00,2.000000000000000000e+00,4.962318840579710510e+00,3.000000000000000000e+00,3.715555555555555500e+00,4.100000000000000000e+01,7.300000000000000000e+01,2.045977011494252817e+00,2.948120300751879697e+00,3.000000000000000000e+00,4.124000000000000000e+03,0.000000000000000000e+00,0.000000000000000000e+00,2.000000000000000000e+00
1.000000000000000000e+00,1.000000000000000000e+00,5.341560000000000000e+05,3.870000000000000284e+01,3.400000000000000000e+01,3.000000000000000000e+01,2.000000000000000000e+00,1.961403508771929927e+00,3.000000000000000000e+00,1.000000000000000000e+00,2.000000000000000000e+00,3.000000000000000000e+00,2.224422442244224474e+00,1.738396624472573926e+00,1.608510638297872442e+00,4.962318840579710510e+00,2.779166666666666785e+00,3.715555555555555500e+00,3.300000000000000000e+01,6.900000000000000000e+01,2.045977011494252817e+00,2.000000000000000000e+00,3.000000000000000000e+00,7.113000000000000000e+03,0.000000000000000000e+00,0.000000000000000000e+00,2.000000000000000000e+00
1.000000000000000000e+00,1.000000000000000000e+00,5.142790000000000000e+05,3.813444816053511488e+01,3.600000000000000000e+01,1.200000000000000000e+01,1.000000000000000000e+00,1.000000000000000000e+00,1.000000000000000000e+00,1.000000000000000000e+00,1.000000000000000000e+00,2.000000000000000000e+00,1.000000000000000000e+00,1.000000000000000000e+00,1.000000000000000000e+00,4.962318840579710510e+00,1.000000000000000000e+00,5.000000000000000000e+00,4.400000000000000000e+01,2.477107692307692233e+01,2.045977011494252817e+00,2.948120300751879697e+00,1.000000000000000000e+00,3.111000000000000000e+04,0.000000000000000000e+00,0.000000000000000000e+00,1.000000000000000000e+00
2.000000000000000000e+00,1.000000000000000000e+00,5.284330000000000000e+05,3.829999999999999716e+01,4.400000000000000000e+01,6.000000000000000000e+01,2.356435643564356308e+00,1.961403508771929927e+00,1.000000000000000000e+00,1.000000000000000000e+00,2.908196721311475219e+00,2.908227848101265778e+00,2.224422442244224474e+00,1.738396624472573926e+00,1.608510638297872442e+00,4.962318840579710510e+00,2.779166666666666785e+00,3.715555555555555500e+00,6.400000000000000355e+00,3.600000000000000000e+01,2.045977011494252817e+00,2.948120300751879697e+00,1.000000000000000000e+00,0.000000000000000000e+00,0.000000000000000000e+00,0.000000000000000000e+00,2.000000000000000000e+00
2.000000000000000000e+00,1.000000000000000000e+00,5.274650000000000000e+05,3.739999999999999858e+01,5.400000000000000000e+01,1.800000000000000000e+01,3.000000000000000000e+00,1.961403508771929927e+00,1.000000000000000000e+00,1.000000000000000000e+00,3.000000000000000000e+00,4.000000000000000000e+00,3.000000000000000000e+00,2.000000000000000000e+00,2.000000000000000000e+00,4.962318840579710510e+00,4.000000000000000000e+00,5.000000000000000000e+00,3.000000000000000000e+01,7.099999999999999645e+00,2.000000000000000000e+00,2.948120300751879697e+00,1.000000000000000000e+00,7.111000000000000000e+03,0.000000000000000000e+00,0.000000000000000000e+00,1.000000000000000000e+00
1.000000000000000000e+00,1.000000000000000000e+00,5.342680000000000000e+05,3.813444816053511488e+01,7.075730994152046094e+01,3.052188552188552251e+01,4.000000000000000000e+00,3.000000000000000000e+00,2.834375000000000089e+00,2.000000000000000000e+00,2.000000000000000000e+00,4.000000000000000000e+00,1.000000000000000000e+00,1.738396624472573926e+00,1.608510638297872442e+00,4.962318840579710510e+00,2.779166666666666785e+00,3.715555555555555500e+00,5.400000000000000000e+01,7.600000000000000000e+01,3.000000000000000000e+00,2.000000000000000000e+00,1.000000000000000000e+00,8.405000000000000000e+03,0.000000000000000000e+00,0.000000000000000000e+00,2.000000000000000000e+00
1.000000000000000000e+00,1.000000000000000000e+00,5.353370000000000000e+05,3.660000000000000142e+01,4.800000000000000000e+01,1.600000000000000000e+01,3.000000000000000000e+00,1.000000000000000000e+00,3.000000000000000000e+00,1.000000000000000000e+00,4.000000000000000000e+00,1.000000000000000000e+00,1.000000000000000000e+00,1.000000000000000000e+00,1.000000000000000000e+00,4.962318840579710510e+00,2.779166666666666785e+00,3.715555555555555500e+00,2.700000000000000000e+01,5.600000000000000000e+01,2.045977011494252817e+00,2.948120300751879697e+00,3.000000000000000000e+00,4.206000000000000000e+03,0.000000000000000000e+00,0.000000000000000000e+00,2.000000000000000000e+00
1.000000000000000000e+00,1.000000000000000000e+00,5.341110000000000000e+05,3.850000000000000000e+01,9.000000000000000000e+01,3.052188552188552251e+01,1.000000000000000000e+00,1.000000000000000000e+00,3.000000000000000000e+00,1.000000000000000000e+00,3.000000000000000000e+00,3.000000000000000000e+00,3.000000000000000000e+00,2.000000000000000000e+00,3.000000000000000000e+00,2.000000000000000000e+00,4.000000000000000000e+00,5.000000000000000000e+00,4.700000000000000000e+01,7.900000000000000000e+01,2.045977011494252817e+00,2.948120300751879697e+00,1.000000000000000000e+00,6.112000000000000000e+03,0.000000000000000000e+00,0.000000000000000000e+00,2.000000000000000000e+00
1.000000000000000000e+00,1.000000000000000000e+00,5.305760000000000000e+05,3.813444816053511488e+01,7.500000000000000000e+01,1.200000000000000000e+01,1.000000000000000000e+00,1.000000000000000000e+00,4.000000000000000000e+00,1.000000000000000000e+00,5.000000000000000000e+00,3.000000000000000000e+00,3.000000000000000000e+00,1.738396624472573926e+00,3.000000000000000000e+00,5.799999999999999822e+00,2.779166666666666785e+00,3.715555555555555500e+00,5.800000000000000000e+01,8.500000000000000000e+00,1.000000000000000000e+00,2.948120300751879697e+00,1.000000000000000000e+00,2.209000000000000000e+03,0.000000000000000000e+00,0.000000000000000000e+00,1.000000000000000000e+00
2.000000000000000000e+00,1.000000000000000000e+00,5.299300000000000000e+05,3.820000000000000284e+01,4.200000000000000000e+01,3.052188552188552251e+01,3.000000000000000000e+00,1.000000000000000000e+00,1.000000000000000000e+00,1.000000000000000000e+00,1.000000000000000000e+00,1.000000000000000000e+00,2.000000000000000000e+00,2.000000000000000000e+00,1.000000000000000000e+00,4.962318840579710510e+00,3.000000000000000000e+00,2.000000000000000000e+00,3.500000000000000000e+01,5.900000000000000355e+00,2.000000000000000000e+00,2.948120300751879697e+00,1.000000000000000000e+00,3.113000000000000000e+03,0.000000000000000000e+00,0.000000000000000000e+00,2.000000000000000000e+00
1.000000000000000000e+00,9.000000000000000000e+00,5.274919000000000000e+06,3.820000000000000284e+01,7.800000000000000000e+01,6.000000000000000000e+01,4.000000000000000000e+00,4.000000000000000000e+00,6.000000000000000000e+00,1.303030303030302983e+00,3.000000000000000000e+00,3.000000000000000000e+00,3.000000000000000000e+00,1.738396624472573926e+00,1.608510638297872442e+00,4.962318840579710510e+00,1.000000000000000000e+00,3.715555555555555500e+00,5.900000000000000000e+01,5.799999999999999822e+00,3.000000000000000000e+00,3.100000000000000089e+00,2.000000000000000000e+00,2.205000000000000000e+03,0.000000000000000000e+00,0.000000000000000000e+00,1.000000000000000000e+00
2.000000000000000000e+00,1.000000000000000000e+00,5.296950000000000000e+05,3.860000000000000142e+01,6.000000000000000000e+01,3.000000000000000000e+01,1.000000000000000000e+00,1.000000000000000000e+00,3.000000000000000000e+00,1.000000000000000000e+00,4.000000000000000000e+00,2.000000000000000000e+00,2.000000000000000000e+00,1.000000000000000000e+00,1.000000000000000000e+00,4.962318840579710510e+00,2.779166666666666785e+00,3.715555555555555500e+00,4.000000000000000000e+01,6.000000000000000000e+00,1.000000000000000000e+00,2.948120300751879697e+00,1.000000000000000000e+00,3.205000000000000000e+03,0.000000000000000000e+00,0.000000000000000000e+00,2.000000000000000000e+00
2.000000000000000000e+00,1.000000000000000000e+00,5.284520000000000000e+05,3.779999999999999716e+01,4.200000000000000000e+01,4.000000000000000000e+01,1.000000000000000000e+00,1.000000000000000000e+00,1.000000000000000000e+00,1.000000000000000000e+00,1.000000000000000000e+00,3.000000000000000000e+00,1.000000000000000000e+00,1.738396624472573926e+00,1.608510638297872442e+00,4.962318840579710510e+00,3.000000000000000000e+00,3.000000000000000000e+00,3.600000000000000000e+01,6.200000000000000178e+00,2.045977011494252817e+00,2.948120300751879697e+00,1.000000000000000000e+00,4.124000000000000000e+03,0.000000000000000000e+00,0.000000000000000000e+00,2.000000000000000000e+00
1.000000000000000000e+00,1.000000000000000000e+00,5.347830000000000000e+05,3.800000000000000000e+01,6.000000000000000000e+01,1.200000000000000000e+01,1.000000000000000000e+00,1.000000000000000000e+00,2.000000000000000000e+00,1.000000000000000000e+00,2.000000000000000000e+00,1.000000000000000000e+00,1.000000000000000000e+00,1.000000000000000000e+00,1.000000000000000000e+00,4.962318840579710510e+00,1.000000000000000000e+00,4.000000000000000000e+00,4.400000000000000000e+01,6.500000000000000000e+01,3.000000000000000000e+00,2.000000000000000000e+00,3.000000000000000000e+00,2.209000000000000000e+03,0.000000000000000000e+00,0.000000000000000000e+00,2.000000000000000000e+00
2.000000000000000000e+00,1.000000000000000000e+00,5.289260000000000000e+05,3.800000000000000000e+01,4.200000000000000000e+01,1.200000000000000000e+01,3.000000000000000000e+00,1.961403508771929927e+00,3.000000000000000000e+00,1.000000000000000000e+00,1.000000000000000000e+00,1.000000000000000000e+00,1.000000000000000000e+00,1.738396624472573926e+00,1.608510638297872442e+00,4.962318840579710510e+00,2.779166666666666785e+00,1.000000000000000000e+00,3.700000000000000000e+01,5.799999999999999822e+00,2.045977011494252817e+00,2.948120300751879697e+00,1.000000000000000000e+00,3.111000000000000000e+03,0.000000000000000000e+00,0.000000000000000000e+00,2.000000000000000000e+00
2.000000000000000000e+00,1.000000000000000000e+00,5.306700000000000000e+05,3.760000000000000142e+01,8.800000000000000000e+01,3.600000000000000000e+01,3.000000000000000000e+00,1.000000000000000000e+00,1.000000000000000000e+00,1.000000000000000000e+00,3.000000000000000000e+00,3.000000000000000000e+00,2.000000000000000000e+00,1.000000000000000000e+00,3.000000000000000000e+00,1.500000000000000000e+00,2.779166666666666785e+00,3.715555555555555500e+00,4.400000000000000000e+01,6.000000000000000000e+00,2.045977011494252817e+00,2.948120300751879697e+00,2.000000000000000000e+00,2.112000000000000000e+03,0.000000000000000000e+00,0.000000000000000000e+00,2.000000000000000000e+00
